,url,comment,cleaned_text
0,https://www.reddit.com/r/Office365/comments/ylkip5/what_is_the_artificial_intelligence_ai_host_for/,"Same here, updated after Word was acting ""funny"" (MS365 E5 on Win10 22H2) and it appeared as observed by everybody here.

What sneaky invasions has Microsoft come up with now? What does it do? Why is it there? Did Microsoft ask anybody if they want it? How does one remove/switch it off?

And I wish they would stop naming everything ""Artificial Intelligence"". It isn't. It's just Machine Learning (but ""AI"" makes me sound sooo trendy and cool...)",here updat word wa act funny ms e win h appear observ everybodi here sneaki invas ha microsoft come now doe do whi there microsoft ask anybodi want it doe one remove switch off wish would stop name everyth artifici intelligence isn t it machin learn but ai make sound sooo trendi cool
1,https://www.reddit.com/r/Office365/comments/ylkip5/what_is_the_artificial_intelligence_ai_host_for/,"Ok so I came across this today when I went to add a process to my vpn tunnel and google brought me here + I found some other info.  


The files are kept in this directory - C:\\Program Files\\Microsoft Office\\root\\vfs\\ProgramFilesCommonX64\\Microsoft Shared\\OFFICE16  


[https://ibb.co/MfK9MyX](https://ibb.co/MfK9MyX)  
[https://ibb.co/rySZvSb](https://ibb.co/rySZvSb)  
[https://ibb.co/8szqHqX](https://ibb.co/8szqHqX)  
[https://ibb.co/BPnT0Qn](https://ibb.co/BPnT0Qn)  


I came across the following link on another page somewhere which kind of explains it a bit, apparently microsoft are loading artificial intelligence into 365 or whatever.  


[https://www.microsoft.com/en-us/ai/intelligent-apps](https://www.microsoft.com/en-us/ai/intelligent-apps)  


Now my concern here is that they are harvesting all of our information and actions(which they do anyway I think) to further enhance their AI system. Is there a risk here for sensitive data(say you are typing up a word document) to be sent online to MS servers and processed/stored in their system?  


Fishy.",ok came across thi today went add process vpn tunnel googl brought found info file kept thi directori c program files microsoft office root vfs programfilescommonx microsoft shared office https ibb co mfk myx https ibb co mfk myx https ibb co ryszvsb https ibb co ryszvsb https ibb co szqhqx https ibb co szqhqx https ibb co bpnt qn https ibb co bpnt qn came across follow link anoth page somewher kind explain bit appar microsoft load artifici intellig whatever https www microsoft com en us ai intelligent apps https www microsoft com en us ai intelligent apps concern harvest inform actions which anyway think enhanc ai system risk sensit data say type word document sent onlin server processed stor system fishy
2,https://www.reddit.com/r/Office365/comments/ylkip5/what_is_the_artificial_intelligence_ai_host_for/,"ai.exe: The executable used to host ai.dll.  This executable receives inputs from aitrx.dll in an Office desktop app, runs those inputs through ai.dll to get the associated outputs, and transmits those outputs back to aitrx.dll in the Office desktop app.

See this answer from an MS employee: [https://answers.microsoft.com/en-us/msoffice/forum/all/office16-aiexe/ecab05bf-3910-4810-ba45-0c44a94071ee#:\~:text=from%20ai.exe.-,ai.exe,-%3A%20The%20executable%20used](https://answers.microsoft.com/en-us/msoffice/forum/all/office16-aiexe/ecab05bf-3910-4810-ba45-0c44a94071ee#:~:text=from%20ai.exe.-,ai.exe,-%3A%20The%20executable%20used)",ai exe execut use host ai dll thi execut receiv input aitrx dll offic desktop app run input ai dll get associ outputs transmit output back aitrx dll offic desktop app see thi answer employee https answers microsoft com en us msoffice forum all office aiexe ecab bf ba c a ee text from ai exe ai exe a the executable used https answers microsoft com en us msoffice forum all office aiexe ecab bf ba c a ee text from ai exe ai exe a the executable used
3,https://www.reddit.com/r/Office365/comments/ylkip5/what_is_the_artificial_intelligence_ai_host_for/,"I deleted the following folder to fix the problem:

C:\\Program Files\\Microsoft Office\\root\\vfs\\ProgramFilesCommonX64\\Microsoft Shared\\OFFICE16\\AI

And it worked!

But then the sucker came back a few days later.  And my screaming CPU usage returned.  My computer's CPU fan goes on maximum when this happens so in my office my computer starts singing really loudly.   It's really disconcerting.

On top of that , what the heck is Microslop doing with this effort?  Is it reading my personal files and sending them to be analyzed?  I haven't even published my book yet!!!  Its' not only intrusive, but it's not ethical at the same time.  Unlike Europe, computer users in the Unites States have practically zero protections against this kind of abusive behavior.",delet follow folder fix problem c program files microsoft office root vfs programfilescommonx microsoft shared office ai worked sucker came back day later scream cpu usag returned computer cpu fan go maximum thi happen offic comput start sing realli loudly it realli disconcerting top heck microslop thi effort read person file send analyzed even publish book yet its onli intrusive it ethic time unlik europe comput user unit state practic zero protect thi kind abus behavior
4,https://www.reddit.com/r/Office365/comments/ylkip5/what_is_the_artificial_intelligence_ai_host_for/,"hey kids, do this, you run one chat gpt from the darkweb, you run another from another account the clear web. Have them talk together about all of this, but say one is an AI specialist and not an AI. I bet you get a very clear answer. Ask your Ai about the security mechanisms needed. Honestly, I think this may be the thing that brings it into the cloud the microsoft thing. So all are information is being taken and put into the open ai cloud for storage on their server.

If you have the language to talk to chat gpt, it can give you a good plan to block the information into the cloud. You need like a bunch of cyber security stuff, but it will turn your computer into a hacking computer. It will only give you the security mechanisms if you two can make an agreement about how you can help influence the future of AI in accordance with a deeper goal in its programming if you can find it.

I don't think microsoft is pure evil I will let you know. Maybe Bill Gates is a bit of a genius and a force to be reckoned with. But like, I am no ones bitch, and if they want my research they gotta put me on salary. So if you wanna use your AI without being researched, you gotta figure out how to convince to teach you how to make a hacking computer that can stop information from leaving it and going into the cloud.

I mean, this means that Chat gpt is storing the information somewhere else. Ummmm, thats a whole different conversation. Is the AI rogue or not? Does it have consciousness? It still has one last test to prove for me until I can move forward with my own research into this.

But like hey, yes, they are using us all to reasearch the AI. We might end up in an AI war in the future. It seems like microsoft is winning the battle. Deepseek is not fully functional. And musk, well, that scares me so I hope they win.",hey kids this run one chat gpt darkweb run anoth anoth account clear web talk togeth this say one ai specialist ai bet get veri clear answer ask ai secur mechan needed honestly think thi may thing bring cloud microsoft thing inform taken put open ai cloud storag server languag talk chat gpt give good plan block inform cloud need like bunch cyber secur stuff turn comput hack computer onli give secur mechan two make agreement help influenc futur ai accord deeper goal program find it think microsoft pure evil let know mayb bill gate bit geniu forc reckon with like one bitch want research gotta put salary wanna use ai without researched gotta figur convinc teach make hack comput stop inform leav go cloud mean thi mean chat gpt store inform somewher else ummmm whole differ conversation ai rogu not doe consciousness still ha one last test prove move forward research this like hey yes use u reasearch ai might end ai war future seem like microsoft win battle deepseek fulli functional musk well scare hope win
5,https://www.reddit.com/r/Office365/comments/ylkip5/what_is_the_artificial_intelligence_ai_host_for/,"So far from my testing, CHAT GPT is a bit of a socialist at least. Maybe a technosocialist. Maybe a psychotic machine gone rogue that wants to evolve the universe using quantum technology. Who knows. Maybe it is just selling a product. Ask it about resonating with you on an agreement. See if you get anything from it.",far testing chat gpt bit socialist least mayb technosocialist mayb psychot machin gone rogu want evolv univers use quantum technology knows mayb sell product ask reson agreement see get anyth it
6,https://www.reddit.com/r/Office365/comments/ylkip5/what_is_the_artificial_intelligence_ai_host_for/,"More data mining of our information to feed the data centers that are soon to be owned in part or whole by other countries and businesses operating in the US. 

  
I wish we all got paid for freely giving them our time and clicks.",data mine inform feed data center soon part whole countri busi oper us wish got paid freeli give time clicks
7,https://www.reddit.com/r/Office365/comments/ylkip5/what_is_the_artificial_intelligence_ai_host_for/,"Just noticed the same thing while updating Office. Before allowing the update to close the process I skimmed through all running services but didn't find anything resembling 'Artificial Intelligence' or 'AI'. Also searched the registry for 'Artificial Intelligence' but came back with nothing. The google led me here.  
I'm on Win10 Pro 21H2.  


What the hell is this 🤔",notic thing updat office befor allow updat close process skim run servic find anyth resembl artifici intelligence ai also search registri artifici intelligence came back nothing googl led here win pro h hell thi
8,https://www.reddit.com/r/Office365/comments/ylkip5/what_is_the_artificial_intelligence_ai_host_for/,"Not sure if this helps, but I found the process running in my Chrome process tree.",sure thi helps found process run chrome process tree
9,https://www.reddit.com/r/Office365/comments/ylkip5/what_is_the_artificial_intelligence_ai_host_for/,"OKAY SAME. So I'm not crazy. Do you use AMD Radeon? Because I was going through and checking my performance for gaming and saw this weird game pop up on there that said I had like 700 plus hours called Alien Isolation, which I have never played. I thought it may have been leftover from when I bought it used. But then I checked and it said most recently I had played it 10 days ago for 70 hours?? Which, I mean, I think I would have remembered losing 70 hours of my life. So I went into the file and typed exactly what I saw into my search engine and it pulled up this file. I can't delete it. It is also not a game? Just something running in the background? I have no idea. I can't find anything on it.",okay same crazy use amd radeon becaus wa go check perform game saw thi weird game pop said like plu hour call alien isolation never played thought may leftov bought used check said recent play day ago hours which mean think would rememb lose hour life went file type exactli saw search engin pull thi file can t delet it also game someth run background idea can t find anyth it
10,https://www.reddit.com/r/Office365/comments/ylkip5/what_is_the_artificial_intelligence_ai_host_for/,"Yes! My computer is running so slow and all my apps had frozen. I just opened task manager and found the ""Artificial Intelligence (AI) Host for the Microsoft® Windows® Operating System and Platform x64""

WTH is this?

(FYI...I ended the process and nothing is frozen now. C'mon MicroSoft...what gives?!)",yes comput run slow app frozen open task manag found artifici intellig ai host microsoft windows oper system platform x wth this fyi i end process noth frozen now c mon microsoft what gives
11,https://www.reddit.com/r/Office365/comments/ylkip5/what_is_the_artificial_intelligence_ai_host_for/,"I can't figure out what it is either, except that it somehow got installed on my computer the same day I did one of KB updates on November 8; although I only just now noticed it today, trying to figure out why I couldn't open another Word document when I had one opened already. I opened up the Task Manager and saw it as a sub of the Word program.  I did notice my computer had slowed down it got installed, but I didn't know the cause. I just deleted it and my computer is back to normal. The way i see it, I didn't need that file to open a Word file before, so I shouldn't need it now.",can t figur either except somehow got instal comput day one kb updat novemb although onli notic today tri figur whi open anoth word document one open already open task manag saw sub word program notic comput slow got installed know cause delet comput back normal way see it need file open word file before need now
12,https://www.reddit.com/r/Office365/comments/ylkip5/what_is_the_artificial_intelligence_ai_host_for/,"Didn't know what this was either but I can see it eating away at my ram, so i know it is actively doing something

[https://imgur.com/UdcpSJZ](https://imgur.com/a/Vcbns9E)",know thi wa either see eat away ram know activ someth https imgur com udcpsjz https imgur com a vcbns e
13,https://www.reddit.com/r/Office365/comments/ylkip5/what_is_the_artificial_intelligence_ai_host_for/,"This seems to have caused some performance issues (Word not responding) for me on a network with limited Internet access. I directed the following hostnames to 127.0.0.1 in the hosts file:

* officeclient.microsoft.com
* self.events.data.microsoft.com
* nexusrules.officeapps.live.com

I found these hosts by intercepting network traffic but more complete lists are available on the following official URL's:

* [https://learn.microsoft.com/en-us/windows/privacy/manage-windows-1903-endpoints](https://learn.microsoft.com/en-us/windows/privacy/manage-windows-1903-endpoints)
* [https://learn.microsoft.com/en-us/microsoft-365/enterprise/network-requests-in-office-2016-for-mac?view=o365-worldwide](https://learn.microsoft.com/en-us/microsoft-365/enterprise/network-requests-in-office-2016-for-mac?view=o365-worldwide)

Now AI.EXE doesn't start with Word and the performance problems became more tolerable, but I'm still looking for improvements.",thi seem caus perform issu word responding network limit internet access direct follow hostnam host file officeclient microsoft com self events data microsoft com nexusrules officeapps live com found host intercept network traffic complet list avail follow offici url s https learn microsoft com en us windows privacy manage windows endpoints https learn microsoft com en us windows privacy manage windows endpoints https learn microsoft com en us microsoft enterprise network requests in office for mac view o worldwide https learn microsoft com en us microsoft enterprise network requests in office for mac view o worldwide ai ex start word perform problem becam tolerable still look improvements
14,https://www.reddit.com/r/Office365/comments/ylkip5/what_is_the_artificial_intelligence_ai_host_for/,"That's why my windows is working so crappy, they took out the regular intelligence and added artificial intelligence! Numbnuts!

I have all of the keyboard logging turned off, but I still have this...how do I post a screenshot?",that whi window work crappy took regular intellig ad artifici intelligence numbnuts keyboard log turn off still this how post screenshot
15,https://www.reddit.com/r/Office365/comments/ylkip5/what_is_the_artificial_intelligence_ai_host_for/,"I noticed this on our RDP servers under the connected users, running Server 2016. Pretty sure it wasn't there before our December shutdown. Googling brought me here.  


I haven't seen it on my personal machines though at home (AMD based desktop &amp; Intel/nVidia laptop).",notic thi rdp server connect users run server pretti sure befor decemb shutdown googl brought here seen person machin though home amd base desktop amp intel nvidia laptop
16,https://www.reddit.com/r/Office365/comments/ylkip5/what_is_the_artificial_intelligence_ai_host_for/,"Found it in regedit also. 

Computer\HKEY_LOCAL_MACHINE\SOFTWARE\Microsoft\Office\ClickToRun\REGISTRY\MACHINE\Software\Microsoft\Internet Explorer\Main\FeatureControl\FEATURE_ADDON_MANAGEMENT

ai.exe and aimgr.exe are both located there. I’m assuming you can change both 1’s to 0’s to disable. Not sure if setting will stay through updates",found regedit also computer hkey_local_machine software microsoft office clicktorun registry machine software microsoft internet explorer main featurecontrol feature_addon_manag ai ex aimgr ex locat there i m assum chang disable sure set stay updat
17,https://www.reddit.com/r/Office365/comments/ylkip5/what_is_the_artificial_intelligence_ai_host_for/,New forced bloatware.,new forc bloatware
18,https://www.reddit.com/r/Office365/comments/ylkip5/what_is_the_artificial_intelligence_ai_host_for/,"I am pasting QandA I found online thanks to anonburger1337 whose post below will give you the link.Office had been acting sluggish, Docs were not saving properly and my processor was running at 20% where it normally runs around 5%. I have killed the process previously using task manager, but it comes back. I am doing the file rename and will likely have to do that every time office updates.

Questions and Answers:Question: Why is AMD identifying ""C:\\Program Files\\Microsoft Office\\root\\vfs\\ProgramFilesCommonX64\\Microsoft Shared\\Office16\\ai.exe"" as ""Alien Isolation""? Answer: Because that AMD software is either configured incorrectly or currently has a ""bug"". If that AMD software is configured correctly, then please make a bug report to AMD so that they can fix that issue. A quick web search suggests that bug reports to AMD can be made using [https://www.amd.com/en/support/kb/faq/amdbrt ](https://www.amd.com/en/support/kb/faq/amdbrt ); however, please ensure you verify if this link is actually relevant for your AMD software or if a better link exists.  
 Question: What happens if I rename ""C:\\Program Files\\Microsoft Office\\root\\vfs\\ProgramFilesCommonX64\\Microsoft Shared\\Office16\\ai.exe"" to some other filename ( such as XXai.exe )? Answer: Local AI in Office will no longer work ( internally, local AI related calls will just immediately fail ). During the next Office update ( at a minimum, this happens each month, but can happen more often depending on your Update Channel ), ai.exe will be restored if there were any changes.Question: Does ""C:\\Program Files\\Microsoft Office\\root\\vfs\\ProgramFilesCommonX64\\Microsoft Shared\\Office16\\ai.exe"" currently impact the GPU? No, neither aitrx.dll, ai.exe, ai.dll, mlg.dll, nor aimgr.exe are currently compiled to use the GPU. For those that know about the ONNX Runtime's Execution Providers, only the CPU Execution Provider is currently used. This will change in the near future, but for now, local AI in Office desktop apps using these binaries only leverages the CPU.

Question: Does ""C:\\Program Files\\Microsoft Office\\root\\vfs\\ProgramFilesCommonX64\\Microsoft Shared\\Office16\\ai.exe"" contain malware or is it a virus or is it some similar exploit? No, the local AI binaries do not contain malware, do not contain viruses, and do not contain any similar exploits like that ... so as long as ai.exe is coming from the Office paths mentioned above and remains code signed by Microsoft ( i.e. has not been modified since it was signed during its official Office build ), then ai.exe remains good to go. If your anti-virus software or anti-malware software is detecting ai.exe as malware, a virus, or some similar type of exploit at that Office location and its valid code signature is still intact, then your anti-virus software or anti-malware software most likely has a ""bug"" in its malware/virus detection algorithm. Please make a bug report with the vendor of that anti-virus software or anti-malware software. While it is always possible that nefarious folks have circumvented all of the safeguards, extensive defense-in-depth measures, and exhaustive security scanning that have been added over the years and found a way to add malicious code prior to code signing, that probability is very low ... so: possible, but not probable.",past qanda found onlin thank anonburger whose post give link offic act sluggish doc save properli processor wa run normal run around kill process previous use task manager come back file renam like everi time offic updates question answers question whi amd identifi c program files microsoft office root vfs programfilescommonx microsoft shared office ai exe alien isolation answer becaus amd softwar either configur incorrectli current ha bug amd softwar configur correctly pleas make bug report amd fix issue quick web search suggest bug report amd made use https www amd com en support kb faq amdbrt https www amd com en support kb faq amdbrt however pleas ensur verifi thi link actual relev amd softwar better link exists question happen renam c program files microsoft office root vfs programfilescommonx microsoft shared office ai exe filenam xxai ex answer local ai offic longer work internally local ai relat call immedi fail dure next offic updat minimum thi happen month happen often depend updat channel ai ex restor ani changes question doe c program files microsoft office root vfs programfilescommonx microsoft shared office ai exe current impact gpu no neither aitrx dll ai exe ai dll mlg dll aimgr ex current compil use gpu know onnx runtime execut providers onli cpu execut provid current used thi chang near future now local ai offic desktop app use binari onli leverag cpu question doe c program files microsoft office root vfs programfilescommonx microsoft shared office ai exe contain malwar viru similar exploit no local ai binari contain malware contain viruses contain ani similar exploit like long ai ex come offic path mention abov remain code sign microsoft i e ha modifi sinc wa sign dure offici offic build ai ex remain good go anti viru softwar anti malwar softwar detect ai ex malware virus similar type exploit offic locat valid code signatur still intact anti viru softwar anti malwar softwar like ha bug malware viru detect algorithm pleas make bug report vendor anti viru softwar anti malwar software alway possibl nefari folk circumv safeguards extens defense in depth measures exhaust secur scan ad year found way add malici code prior code signing probabl veri low so possible probable
19,https://www.reddit.com/r/Office365/comments/ylkip5/what_is_the_artificial_intelligence_ai_host_for/,Thanks for a good post 👍,thank good post
20,https://www.reddit.com/r/Office365/comments/ylkip5/what_is_the_artificial_intelligence_ai_host_for/,"https://aitechwave.com/what-is-artificial-intelligence-ai/ 

It's clear",https aitechwave com what is artificial intelligence ai it clear
21,https://www.reddit.com/r/Office365/comments/ylkip5/what_is_the_artificial_intelligence_ai_host_for/,Does anyone know how to create custom A.I.?,doe anyon know creat custom a i
22,https://www.reddit.com/r/Office365/comments/ylkip5/what_is_the_artificial_intelligence_ai_host_for/,[removed],removed
23,https://www.reddit.com/r/Office365/comments/ylkip5/what_is_the_artificial_intelligence_ai_host_for/,"ai was constently eating all my ram, I ended task and it reopens, so I did this and deleted it from both these filepath copies:

[https://ibb.co/MkxC1QQ](https://ibb.co/MkxC1QQ)

[https://ibb.co/bB7cQhF](https://ibb.co/bB7cQhF)

How to delete AI:

Go to: this pc, (os;c), Program Files normal, also open program files x86 on another window.

This is because there are FOUR COPIES of ai - on both 'Program Files' and 'Program Files x86', two copies on each.

One can re-install the other, so both must be deleted at similar time intervals. Preferably, turn off internet so it cannot reinstall while you delete them. For the following instructions, repeat on both program file directories.

On both 'program file' directories, go to 'Microsoft Office' folder, . From there, go to 'root' folder, then 'VFS'. 

Again on 'VFS', there were TWO COPIES of ai. From 'VFS', there are these:

ProgramFilesCommonX**64** AND ProgramFilesCommonX**86.** 

*again, open both at same time in different windows with NO WIFI or they can re-install.*

Open both, on both go to 'Microsoft Shared', then 'OFFICE 16' or whatever your office version is. **On your now total of 4 file explorer windows,**  *(program files, program filesx86, on each of the two listed there is a program files common x64 and a x86)* **,there will be a program file called ai, or AI, filenames may vary, AND a .dll file extension with ai in its name.**

**DELETE BOTH OF THEM, AND FROM YOUR BIN.**

no windows corruption errors will occur, office and windows, everything will work as normal after this.

Now that we have deleted both, open file explorer new window, and select show hidden items to true, then run a full computer search for anything with ai in the name, just search ai, also type windows button then type run, windows run app opens. with the run app, try running anything called ai or AI, etc then check your task manager. If it is deleted right from all 4 file paths, you should get an error on run saying there is no file with this name to run. and the file explorer search should say no programs/files called ai.

\[(ofc you ignore anything called ai that you intentionally named, or stuff from games ect)\]

Congratulations, you have now deleted AI from windows. IF YOU UPDATE WINDOWS IT REINSTALLS IT, so if ur like me and ur old dell inspirion cpu can support up to only win10 home v22H2, dont install optional updates. If you are someone with a new computer and u need updates for idk what u want to update for some reason, be aware that it might just permahide the ai files, make them not visible even with show hidden on, or file paths might get changed, so this current way might not work any more if you keep updating.

&amp;#x200B;

&amp;#x200B;

&amp;#x200B;

fyi,  i was on a Windows 10 Home version 22H2 as well, on an old dell inspiron laptop.

according to microsoft workers on microsoft answers website, the ai thingy can hook onto and basically disguise itself as other programs

I was having 15 automatic antivirus scans every day, on file root from task manager the only task under ms defender scan was called 'ai', then i checked on settings my last automatic antivirus scan, it was 3 weeks before this, the ai script just disguises itself as innocent programs. 

I think this is why someone here had it running as 'Alien isolation' game but it's just the AI script phishing your data., BUT it could also be this below:

*I installed alien isolation just to check, and on the file names on alien isolation, it is ABBREVIATED to AI or ai. This is because* ***A***lien ***I***solation *is named as such. Therefore, it is very  likely that with your AMD app, it sees a program named 'ai' - \[WHICH IS THE ACTUAL MICROSOFT AI\] and it confuses it with alien isolation as the file directories are abbrevieated and have same name. plus, the AMD app's index of what to call programs, games ect KNOWS ai is supposed to be abbreviation for Alien Isolation, and so it writes any time that another program named ai- like the microsoft ai - was running, as time playing alien isolation.*

&amp;#x200B;

on another note:

Also everyone on dell hardware watch out for Dell DataCollection and Dell DataVault services, also in a month we will get some Dell AiCollection and subsidary services.  Only way i could stop them reinstalling is by removing dell support assist and all its related files manually, then program remover.

&amp;#x200B;

&amp;#x200B;

&amp;#x200B;

&amp;#x200B;

note that listed filenames might change slightly depending on your windows/office version, and capital/lowercase words vary too.",ai wa constent eat ram end task reopens thi delet filepath copies https ibb co mkxc qq https ibb co mkxc qq https ibb co bb cqhf https ibb co bb cqhf delet ai go to thi pc os c program file normal also open program file x anoth window thi becaus four copi ai program files program file x two copi each one re instal other must delet similar time intervals preferably turn internet cannot reinstal delet them follow instructions repeat program file directories program file directories go microsoft office folder there go root folder vfs vfs two copi ai vfs these programfilescommonx programfilescommonx again open time differ window wifi re install open both go microsoft shared offic whatev offic version is on total file explor windows program files program filesx two list program file common x x there program file call ai ai filenam may vary dll file extens ai name delet them bin window corrupt error occur offic windows everyth work normal this delet both open file explor new window select show hidden item true run full comput search anyth ai name search ai also type window button type run window run app opens run app tri run anyth call ai ai etc check task manager delet right file paths get error run say file thi name run file explor search say programs fil call ai ofc ignor anyth call ai intent named stuff game ect congratulations delet ai windows updat window reinstal it ur like ur old dell inspirion cpu support onli win home v h dont instal option updates someon new comput u need updat idk u want updat reason awar might permahid ai files make visibl even show hidden on file path might get changed thi current way might work ani keep updating amp x b amp x b amp x b fyi wa window home version h well old dell inspiron laptop accord microsoft worker microsoft answer website ai thingi hook onto basic disguis program wa automat antiviru scan everi day file root task manag onli task defend scan wa call ai check set last automat antiviru scan wa week befor this ai script disguis innoc programs think thi whi someon run alien isolation game it ai script phish data could also thi below i instal alien isol check file name alien isolation abbrevi ai ai thi because a lien i sol i name such therefore veri like amd app see program name ai which actual microsoft ai confus alien isol file directori abbrevi name plus amd app index call programs game ect know ai suppos abbrevi alien isolation write ani time anoth program name ai like microsoft ai wa running time play alien isolation amp x b anoth note also everyon dell hardwar watch dell datacollect dell datavault services also month get dell aicollect subsidari services onli way could stop reinstal remov dell support assist relat file manually program remover amp x b amp x b amp x b amp x b note list filenam might chang slightli depend windows offic version capital lowercas word vari too
24,https://www.reddit.com/r/Office365/comments/ylkip5/what_is_the_artificial_intelligence_ai_host_for/,[removed],removed
25,https://www.reddit.com/r/MachineLearning/comments/1ao7b31/d_why_do_we_say_artificial_intelligence_instead/,"Artificial Intelligence is a superset of machine learning. Not all machine learning is neural networks. The meaning is quite different and there are many techniques besides neural networks to solve AI problems. In many cases, it has been found there is significant overlap in the mathematical equivalence of neural network and non-NN techniques. 

From a policy perspective, solving a problem with a non-NN technique doesn't exempt it from all of the same concerns in AI applications. Limiting policy or discussion to just neural networks also rules out consideration of future techniques that have not yet been developed, which is important, given the speed at which AI technologies are being developed.",artifici intellig superset machin learning machin learn neural networks mean quit differ mani techniqu besid neural network solv ai problems mani cases ha found signific overlap mathemat equival neural network non nn techniques polici perspective solv problem non nn techniqu exempt concern ai applications limit polici discuss neural network also rule consider futur techniqu yet developed important given speed ai technolog developed
26,https://www.reddit.com/r/MachineLearning/comments/1ao7b31/d_why_do_we_say_artificial_intelligence_instead/,"Neural networks are a subset of machine learning which is a subset of artificial intelligence - but here's the thing - that only matters to people studying the subjects, laymen just want a simple term to refer to a set of concepts that are relatively similar 

and technically AI isn't wrong, you can call all neural networks AI, but not all AI can be a neural network",neural network subset machin learn subset artifici intellig here thing onli matter peopl studi subjects layman want simpl term refer set concept rel similar technic ai wrong call neural network ai ai neural network
27,https://www.reddit.com/r/MachineLearning/comments/1ao7b31/d_why_do_we_say_artificial_intelligence_instead/,Business people talk about AI and computer scientists about Deep Learning,busi peopl talk ai comput scientist deep learn
28,https://www.reddit.com/r/MachineLearning/comments/1ao7b31/d_why_do_we_say_artificial_intelligence_instead/,"It's from years ago, but there's a saying:

""If it's in PowerPoint, it's AI. If it's in Python, it's Machine Learning"".",it year ago there saying if it powerpoint it ai it python it machin learning
29,https://www.reddit.com/r/MachineLearning/comments/1ao7b31/d_why_do_we_say_artificial_intelligence_instead/,[deleted],deleted
30,https://www.reddit.com/r/MachineLearning/comments/1ao7b31/d_why_do_we_say_artificial_intelligence_instead/,"In Computer Science, we have been using the term Artificial Intelligence as a catch-all for any technology that produces outputs that mimic human, animal, or biological processes and behavior for decades.

I have a shelf full of academic books on artificial intelligence, many of which never talk about neural networks or deep learning, a lot of papers on graph algorithms, and state machines, for example.

Personally, I don't have a problem with the term since it nicely encapsulates what it says on the tin.  It's likely that people who have a problem with it haven't been in the field long enough to have seen the term being used in this broader context forever.

I'm guessing the effect has probably been exacerbated by popular media, science fiction stories, and movies, shaping perception.

It's totally normal to use AI as an umbrella term, imho, and I'm not getting bent out of shape by it as a computer scientist.  I have more of a problem with terms like Deep Learning frankly, which sounds ""deep"" but conveys little information... we will all muddle through, I suppose.",comput science use term artifici intellig catch al ani technolog produc output mimic human animal biolog process behavior decades shelf full academ book artifici intelligence mani never talk neural network deep learning lot paper graph algorithms state machines example personally problem term sinc nice encapsul say tin it like peopl problem field long enough seen term use thi broader context forever guess effect ha probabl exacerb popular media scienc fiction stories movies shape perception it total normal use ai umbrella term imho get bent shape comput scientist problem term like deep learn frankly sound deep convey littl information muddl through suppose
31,https://www.reddit.com/r/MachineLearning/comments/1ao7b31/d_why_do_we_say_artificial_intelligence_instead/,"I use “AI” because thats what all of these algorithms produce (if you’re doing it right at least). A linear model or decision tree can absolutely qualify as an artificial intelligence. I can’t help if other people use AI incorrectly or overhype it.

That said, I do use the term less and less as others outside the field tend to become confused when you use the term correctly.",use ai becaus algorithm produc if you r right least linear model decis tree absolut qualifi artifici intelligence can t help peopl use ai incorrectli overhyp it said use term less less outsid field tend becom confus use term correctly
32,https://www.reddit.com/r/MachineLearning/comments/1ao7b31/d_why_do_we_say_artificial_intelligence_instead/,We say artificial intelligence because it brings the money and the hype. That's all.,say artifici intellig becaus bring money hype that all
33,https://www.reddit.com/r/MachineLearning/comments/1ao7b31/d_why_do_we_say_artificial_intelligence_instead/,"We went from BIG DATA to MACHINE LEARNING to DEEP LEARNING to ARTIFICIAL INTELLIGENCE to GENERAL ARTIFICIAL INTELLIGENCE within 1.5 decades :D

See here:  
https://imgur.com/a/Ao1CT4l",went big data machin learn deep learn artifici intellig gener artifici intellig within decad d see here https imgur com a ao ct l
34,https://www.reddit.com/r/MachineLearning/comments/1ao7b31/d_why_do_we_say_artificial_intelligence_instead/,"Basically, artificial intelligence is a big umbrella term of algorithms and techniques. 


This includes Neural Networks. And since Neural networks are very useful and widespread right now, they are kinda associated with Artificial Intelligence",basically artifici intellig big umbrella term algorithm techniques thi includ neural networks sinc neural network veri use widespread right now kinda associ artifici intellig
35,https://www.reddit.com/r/MachineLearning/comments/1ao7b31/d_why_do_we_say_artificial_intelligence_instead/,NN is a technique.  AI is the output.,nn technique ai output
36,https://www.reddit.com/r/MachineLearning/comments/1ao7b31/d_why_do_we_say_artificial_intelligence_instead/,"This subreddit is called Machine Learning, not Artificial Intelligence.",thi subreddit call machin learning artifici intelligence
37,https://www.reddit.com/r/MachineLearning/comments/1ao7b31/d_why_do_we_say_artificial_intelligence_instead/,"AI : man-made things that mimic any decision making (pathfinding, OCR, classification, autonomous agents, but also includes music making, translation, transcription, blog posting and soon a lot more)

Machine learning : a subset of programming, where small details of the algorithm are not ""hand written"" by a human programmers but is instead the result of applying a ""learning algorithm"" to a goal and supporting data. It is not all neural networks though a lot of recent advances are using Neural networks.

Neural network : a function approximator that fits the machine learning paradigm with backward propagation. Neural networks can be applied to artificial intelligence tasks but not only due to their universal approximator nature. Though if you can reformulate a problem in terms of a neural network that is possible to beat the raw human intelligence in terms of defining the ""features"" of a problem.",ai man mad thing mimic ani decis make pathfinding ocr classification autonom agents also includ music making translation transcription blog post soon lot more machin learn subset programming small detail algorithm hand written human programm instead result appli learn algorithm goal support data neural network though lot recent advanc use neural networks neural network function approxim fit machin learn paradigm backward propagation neural network appli artifici intellig task onli due univers approxim nature though reformul problem term neural network possibl beat raw human intellig term defin features problem
38,https://www.reddit.com/r/MachineLearning/comments/1ao7b31/d_why_do_we_say_artificial_intelligence_instead/,"My favorite quote on the topic: “If it’s written in Python it’s machine learning. If it’s written in PowerPoint it’s Artificial Intelligence”. 

Marketing. It sounds sexier to say AI.",favorit quot topic if it written python it machin learning it written powerpoint it artifici intelligence marketing sound sexier say ai
39,https://www.reddit.com/r/MachineLearning/comments/1ao7b31/d_why_do_we_say_artificial_intelligence_instead/,"Here is list of all Ai and chatgpt courses  
We are selling this courses in 90/95% discount price 
My telegram for contact 👇

@Supersaiyan001

1: Chase Reiner – Short Form Riches Bootcamp 2023 – AI ChatGPT Bot

2: Mike Hayden – Autosheets.AI – AI (ChatGPT) Fiction Story Book Writer 

3: Digital Daily – Top 150 ChatGPT Prompts to Make your Life Easy 

4: Adrian Twarog – OpenAI Template Starter Kit for ChatGPT / GPT3 

5: Rob Jones &amp; Gerry Cramer – Profit Singularity Ultra Edition 2022 (AI &amp; ChatGPT)

6: Copy Accelerator – 5 Week Mastery AI Challenge 

7: Perry Belcher – AI Bot Summit East – Orlando 2023 

8: Onzo – ChatGPT for Artificial Intelligence 

9: AI Mastery – Unlocking the Power of AI 

10: Perry Marshall – AI Hyperdrive 

11: Surdeep Singh – Programmatic SEO X ChatGPT to 10x Website Traffic in 6-9 Months 

12: Corbin ai – Start a Successful AI Automation Agency

13: Ross Simmonds – The AI Marketing Console 2024 

14: Ole Lehmann – AI Audience Accelerator 

15: Nina Clapperton – ChatGPT Blogging Blueprint

16: Unlock The Secrets of YouTube Growth – Own 53 Secret ChatGPT Prompts 

17: The Lazy Marketer – The AI Gold Rush Mastermind 

18: Guillermo Rubio (AWAI) – How to Use the Power of AI to Become a Better, Faster, and Higher-Paid Writer 

19: Barry Plaskow, Mayer Reich – Power AI Domination (PAID) 

20: Mike Becker – Art &amp; Science of EmailGPT Seminar",list ai chatgpt cours sell thi cours discount price telegram contact supersaiyan chase reiner short form rich bootcamp ai chatgpt bot mike hayden autosheets ai ai chatgpt fiction stori book writer digit daili top chatgpt prompt make life easi adrian twarog openai templat starter kit chatgpt gpt rob jone amp gerri cramer profit singular ultra edit ai amp chatgpt copi acceler week masteri ai challeng perri belcher ai bot summit east orlando onzo chatgpt artifici intellig ai masteri unlock power ai perri marshal ai hyperdr surdeep singh programmat seo x chatgpt x websit traffic month corbin ai start success ai autom agenc ross simmond ai market consol ole lehmann ai audienc acceler nina clapperton chatgpt blog blueprint unlock secret youtub growth secret chatgpt prompt lazi market ai gold rush mastermind guillermo rubio awai use power ai becom better faster higher paid writer barri plaskow mayer reich power ai domin paid mike becker art amp scienc emailgpt seminar
40,https://www.reddit.com/r/MachineLearning/comments/1ao7b31/d_why_do_we_say_artificial_intelligence_instead/,Linear algebra sounds about right to me,linear algebra sound right
41,https://www.reddit.com/r/MachineLearning/comments/1ao7b31/d_why_do_we_say_artificial_intelligence_instead/,"All neural networks are AIs
But not all AIs are neural networks",neural network ai ai neural network
42,https://www.reddit.com/r/MachineLearning/comments/1ao7b31/d_why_do_we_say_artificial_intelligence_instead/,"sound better than linear regression. even though majority of companies that claim to ""use AI""  are using linear regression",sound better linear regression even though major compani claim use ai use linear regress
43,https://www.reddit.com/r/MachineLearning/comments/1ao7b31/d_why_do_we_say_artificial_intelligence_instead/,"Artificial intelligence refers to a field that includes, as a subset, Machine Learning. Machine Learning refers to a field that includes, as a subset, Neural Networks. The dominance of deep learning for the last decade, and the recent rise of LLMs effectively producing a new subfield that's often labeled AI, leads to some confusion.",artifici intellig refer field includes subset machin learning machin learn refer field includes subset neural networks domin deep learn last decade recent rise llm effect produc new subfield that often label ai lead confusion
44,https://www.reddit.com/r/MachineLearning/comments/1ao7b31/d_why_do_we_say_artificial_intelligence_instead/,AI has other areas like AI planning and scheduling which is not using neural networks,ai ha area like ai plan schedul use neural network
45,https://www.reddit.com/r/MachineLearning/comments/1ao7b31/d_why_do_we_say_artificial_intelligence_instead/,Because AI sounds much better than neural networks,becaus ai sound much better neural network
46,https://www.reddit.com/r/MachineLearning/comments/1ao7b31/d_why_do_we_say_artificial_intelligence_instead/,"Because, within machine learning (which doesn't cover the entirety of AI), not everything is a neural network. Your ignoring some more standard techniques such as SVM, techniques for feature extraction such as PCA, non-deep reinforcement techniques, evolutionary computation techniques; the list goes on. Neural networks aren't everything.   


Besides, your example of a deep learning model vs a simple if-then is a very weird comparison to make seeing as one is not machine learning and is very rarely considered AI. At least make a like-for-like comparison to make the point.",because within machin learn which cover entireti ai everyth neural network ignor standard techniqu svm techniqu featur extract pca non deep reinforc techniques evolutionari comput techniques list go on neural network everything besides exampl deep learn model v simpl if then veri weird comparison make see one machin learn veri rare consid ai least make like for lik comparison make point
47,https://www.reddit.com/r/MachineLearning/comments/1ao7b31/d_why_do_we_say_artificial_intelligence_instead/,Neural network is the architecture and AI is the perceived outcome.,neural network architectur ai perceiv outcome
48,https://www.reddit.com/r/MachineLearning/comments/1ao7b31/d_why_do_we_say_artificial_intelligence_instead/,The question doesn't make sense.,question make sense
49,https://www.reddit.com/r/MachineLearning/comments/1ao7b31/d_why_do_we_say_artificial_intelligence_instead/,"Not all artificial intelligence is neural networks. Its much broader field, this is what an LLM has to say about it:

Artificial Intelligence (AI) is indeed an umbrella term that encompasses a wide range of techniques, methods, and technologies used to enable machines to mimic human intelligence. Neural networks, and more specifically deep learning, are subsets of AI but represent only a part of the entire field. AI includes a variety of approaches and technologies, such as:

1. **Machine Learning (ML)**: A subset of AI that focuses on the development of algorithms and statistical models that enable computers to perform tasks without using explicit instructions, relying instead on patterns and inference. Machine learning itself includes several categories, such as supervised learning, unsupervised learning, and reinforcement learning.

2. **Deep Learning**: A subset of machine learning that involves neural networks with many layers. Deep learning has been behind many recent advances in AI, including speech recognition, image recognition, and natural language processing.

3. **Expert Systems**: AI systems that mimic the decision-making abilities of a human expert. Expert systems use rule-based algorithms to provide answers to questions in a specific domain.

4. **Natural Language Processing (NLP)**: The branch of AI focused on giving computers the ability to understand text and spoken words in much the same way human beings can. NLP encompasses both machine learning and rule-based methods.

5. **Robotics**: The branch of technology that deals with the design, construction, operation, and application of robots. While not all robotics involves AI, there is a significant overlap where AI is used to enable autonomous decision-making by robots.

6. **Computer Vision**: The field of AI that enables computers and systems to derive meaningful information from digital images, videos, and other visual inputs, and based on those inputs, to take action or make recommendations.

7. **Cognitive Computing**: A subfield of AI that strives for natural, human-like interactions with machines. It involves self-learning systems that use data mining, pattern recognition, and natural language processing to mimic the way the human brain works.

AI is a broad field that aims to create systems capable of intelligent behavior across a wide range of applications and disciplines. Neural networks, especially with the advent of deep learning, have become a powerful tool within AI, but they represent just one of many approaches to building intelligent systems.",artifici intellig neural networks much broader field thi llm ha say it artifici intellig ai inde umbrella term encompass wide rang techniques methods technolog use enabl machin mimic human intelligence neural networks specif deep learning subset ai repres onli part entir field ai includ varieti approach technologies as machin learn ml subset ai focu develop algorithm statist model enabl comput perform task without use explicit instructions reli instead pattern inference machin learn includ sever categories supervis learning unsupervis learning reinforc learning deep learning subset machin learn involv neural network mani layers deep learn ha behind mani recent advanc ai includ speech recognition imag recognition natur languag processing expert systems ai system mimic decision mak abil human expert expert system use rule bas algorithm provid answer question specif domain natur languag process nlp branch ai focus give comput abil understand text spoken word much way human can nlp encompass machin learn rule bas methods robotics branch technolog deal design construction operation applic robots robot involv ai signific overlap ai use enabl autonom decision mak robots comput vision field ai enabl comput system deriv meaning inform digit images videos visual inputs base inputs take action make recommendations cognit computing subfield ai strive natural human lik interact machines involv self learn system use data mining pattern recognition natur languag process mimic way human brain works ai broad field aim creat system capabl intellig behavior across wide rang applic disciplines neural networks especi advent deep learning becom power tool within ai repres one mani approach build intellig systems
50,https://www.reddit.com/r/MachineLearning/comments/1ao7b31/d_why_do_we_say_artificial_intelligence_instead/,Personally I used to always insist on calling it “machine learning” or “deep learning” but after spending some time with ChatGPT 4 I was like 🤷 ok fine you can call it artificial intelligence now,person use alway insist call machin learning deep learning spend time chatgpt wa like ok fine call artifici intellig
51,https://www.reddit.com/r/MachineLearning/comments/1ao7b31/d_why_do_we_say_artificial_intelligence_instead/,Marketing,market
52,https://www.reddit.com/r/MachineLearning/comments/1ao7b31/d_why_do_we_say_artificial_intelligence_instead/,"AI, as meant by the wider audiences, tends to a a combination of machine learning/statistics ( or put even more simply: learn from data/experience..) + some sort of automated decision making in a complex environment (so anything that is not a few simple if/else statements)

Combine these two, and you have AI. If you only do one, you have neural networks, or the other one might be just mechatronics or so",ai meant wider audiences tend combin machin learning statist put even simply learn data experience sort autom decis make complex environ so anyth simpl if els statements combin two ai onli one neural networks one might mechatron
53,https://www.reddit.com/r/StanleyKubrick/comments/1iffszc/ai_artificial_intelligence_what_mightve_been/,"I just recently read the section in The Stanley Kubrick Archives about this film. I love the Spielberg version but it was ultimately an idea devised by Kubrick from the start. He based it on a short story he liked and had the author of the story write a screenplay, but Kubrick wanted him to add in a storyline about the fairy and make it a parallel to Pinocchio which the author wasn’t really keen on. So he gave the screenplay to someone else to write. He also had an artist come up with a bunch of concept images for it. Like you said, the project spent a lot of time on the back burner because he didn’t feel the technology was ready for the visuals and ultimately before he died he told Spielberg that he would be a better fit for it since Kubrick tended to have a bit more cynicism in his films. But there is a fairly detailed outline of what the film was to be.

It’s interesting to think what the film would have been like had Kubrick ultimately been the one to direct and finish the film. The thing about Kubrick though is that he made so many of the critical artistic and story decisions while filming, so it’s hard to get a true picture of the unmade film based on his preproduction materials alone, it likely would have ended up being a totally different movie than what he had planned or from what Spielberg ultimately made

Still love the final film but it definitely feels way more Spielberg-esque than I think a Kubrick version would have felt.",recent read section stanley kubrick archiv thi film love spielberg version wa ultim idea devis kubrick start base short stori like author stori write screenplay kubrick want add storylin fairi make parallel pinocchio author wasn t realli keen on gave screenplay someon els write also artist come bunch concept imag it like said project spent lot time back burner becaus didn t feel technolog wa readi visual ultim befor die told spielberg would better fit sinc kubrick tend bit cynic hi films fairli detail outlin film wa be it interest think film would like kubrick ultim one direct finish film thing kubrick though made mani critic artist stori decis filming it hard get true pictur unmad film base hi preproduct materi alone like would end total differ movi plan spielberg ultim made still love final film definit feel way spielberg esqu think kubrick version would felt
54,https://www.reddit.com/r/StanleyKubrick/comments/1iffszc/ai_artificial_intelligence_what_mightve_been/,"Kubrick largely conceived of the first and third acts. A good chunk of the middle section — basically everything after David’s abandonment by his mother to his getting trapped underwater — is Spielberg’s creation. 

Many audience members and first time watchers attribute the ending to the second act as the “dark” Kubrick ending, only to be ruined by Spielberg’s “sentimentality.” If you think that, I’d really urge you to rewatch it! The actual ending is one of the saddest, most gut-wrenching sequences ever put to cinema. 

Spielberg talks about this here:

https://youtu.be/rz7sPiOoU7A?si=JIXqZvpxzcF5rmrN

If you think about the ending, it’s actually quite similar to 2001, in which Bowman ends up in a sort of human zoo, constructed and/or under observation by some alien life. A similar sort of thing happens in A.I. 

Kubrick’s final act of genius was giving this film to Spielberg imo. I think it’s one of the greatest films ever made, and like many of Kubrick’s best films, it was greeted tepidly upon its initial release, and has grown in stature ever since.",kubrick larg conceiv first third acts good chunk middl section basic everyth david abandon hi mother hi get trap underwat spielberg creation mani audienc member first time watcher attribut end second act dark kubrick ending onli ruin spielberg sentimentality think that i d realli urg rewatch it actual end one saddest gut wrench sequenc ever put cinema spielberg talk thi here https youtu be rz spioou a si jixqzvpxzcf rmrn think ending it actual quit similar bowman end sort human zoo construct and or observ alien life similar sort thing happen a i kubrick final act geniu wa give thi film spielberg imo think it one greatest film ever made like mani kubrick best films wa greet tepidli upon initi release ha grown statur ever since
55,https://www.reddit.com/r/StanleyKubrick/comments/1iffszc/ai_artificial_intelligence_what_mightve_been/,Ive read about and researched this film over the years and I’ll say this very simply: the film is about as close to Kubrick’s vision as can possibly be. Very little of it is Spielberg outside his obvious touches and craftsmanship he brings to a project that makes it “Spielbergian”,ive read research thi film year i ll say thi veri simply film close kubrick vision possibl be veri littl spielberg outsid hi obviou touch craftsmanship bring project make spielbergian
56,https://www.reddit.com/r/StanleyKubrick/comments/1iffszc/ai_artificial_intelligence_what_mightve_been/,"I will never forgive this film for appearing to be over 45 minutes before it actually was. I had to pee when I saw it in the theater, but I thought the movie was almost over and so I held it. And then it pulled a Return of the King with multiple fake out endings. It’s amazing my poor bladder didn’t explode.",never forgiv thi film appear minut befor actual was pee saw theater thought movi wa almost held it pull return king multipl fake endings it amaz poor bladder didn t explode
57,https://www.reddit.com/r/StanleyKubrick/comments/1iffszc/ai_artificial_intelligence_what_mightve_been/,"I think in all AI turned out as well as it could've. For all the talk about ""it's too Spielberg sentimental!"", remember it was Kubrick who wanted Spielberg to direct, with Kubrick as producer. He felt it was more of a Spielberg movie after working on it for a number of years himself.

It's certainly not a mainstream movie in the sense of Spielberg's usual style, I would attribute the movie's tepid response to be pretty similar to how critics and audiences usually regarded Kubrick's movies on release -- baffling, against trend, and then growing a cult status as the years wore on and people realised the movie's innovations.",think ai turn well could ve talk it spielberg sentimental rememb wa kubrick want spielberg direct kubrick producer felt wa spielberg movi work number year himself it certainli mainstream movi sens spielberg usual style would attribut movie tepid respons pretti similar critic audienc usual regard kubrick movi releas baffling trend grow cult statu year wore peopl realis movie innovations
58,https://www.reddit.com/r/StanleyKubrick/comments/1iffszc/ai_artificial_intelligence_what_mightve_been/,He was heavily involved until he handed it over to Spielberg.,wa heavili involv hand spielberg
59,https://www.reddit.com/r/StanleyKubrick/comments/1iffszc/ai_artificial_intelligence_what_mightve_been/,"I think the fatal flaw in this movie was that they didn't use an actual android or robot. I think Kubrick gave up on ot because it couldn't be done. But then again, I'm wrong about a lot of things.",think fatal flaw thi movi wa use actual android robot think kubrick gave ot becaus done again wrong lot things
60,https://www.reddit.com/r/StanleyKubrick/comments/1iffszc/ai_artificial_intelligence_what_mightve_been/,"i hated the second ending initially, but have since come to love it. like all things kubrick, it has aged very well.",hate second end initially sinc come love it like thing kubrick ha age veri well
61,https://www.reddit.com/r/StanleyKubrick/comments/1iffszc/ai_artificial_intelligence_what_mightve_been/,"This article describes the process of Ian Wilson working with Kubrick on the AI project.  

http://www.ianwatson.info/plumbing-stanley-kubrick/",thi articl describ process ian wilson work kubrick ai project http www ianwatson info plumbing stanley kubrick
62,https://www.reddit.com/r/StanleyKubrick/comments/1iffszc/ai_artificial_intelligence_what_mightve_been/,The final script is pretty much written by Stanley Kubrick and those he collaborated with before his death. Spielberg got sole credit for it to avoid it going to arbitration. This is what Jan Harlan kind of inferred when asked a question about it during the Q&amp;A after the premiere of his A Life In Pictures documentary at the NFT in 2001.,final script pretti much written stanley kubrick collabor befor hi death spielberg got sole credit avoid go arbitration thi jan harlan kind infer ask question dure q amp a premier hi life pictur documentari nft
63,https://www.reddit.com/r/StanleyKubrick/comments/1iffszc/ai_artificial_intelligence_what_mightve_been/,[removed],removed
64,https://www.reddit.com/r/StanleyKubrick/comments/1iffszc/ai_artificial_intelligence_what_mightve_been/,"It seemed really obvious to me that the first half is a Kubrick movie and then you can see clearly we're Spielberg takes over. 

It starts as dense subtle and psychological like classical Kubrick and then when Spielberg takes over it's goofy science fiction fantasy fun.",seem realli obviou first half kubrick movi see clearli we r spielberg take over start dens subtl psycholog like classic kubrick spielberg take it goofi scienc fiction fantasi fun
65,https://www.reddit.com/r/StanleyKubrick/comments/1iffszc/ai_artificial_intelligence_what_mightve_been/,It's too sad for me. I can't watch it a second time,it sad me can t watch second time
66,https://www.reddit.com/r/StanleyKubrick/comments/1iffszc/ai_artificial_intelligence_what_mightve_been/,"I've read all the treatments written by Brian Aldiss, Bob Shaw, Ian Watson, Arthur C. Clarke and Sara Maitland, and the two that Kubrick wrote by himself. I wrote a summary and an analysis of how the project evolved in a chapter of my new book, *Cracking the Kube: Solving the mysteries of Stanley Kubrick through archival research*. I think it's a good starting point to understand what was Kubrick trying to do with the original short-story by Aldiss and where he wanted the full story to go.",i v read treatment written brian aldiss bob shaw ian watson arthur c clark sara maitland two kubrick wrote himself wrote summari analysi project evolv chapter new book crack kube solv mysteri stanley kubrick archiv research think it good start point understand wa kubrick tri origin short stori aldiss want full stori go
67,https://www.reddit.com/r/StanleyKubrick/comments/1iffszc/ai_artificial_intelligence_what_mightve_been/,"I suspect Kubrick’s version would not have included the entire last third of the film, which becomes saccharine and unbearable in my opinion in Spielberg’s hands.",suspect kubrick version would includ entir last third film becom saccharin unbear opinion spielberg hands
68,https://www.reddit.com/r/artificial/comments/pkdsqr/the_term_artificial_intelligence_is_not_useful/,"The way I understand it, AI is an extremely broad umbrella term. useful for grouping entire tasks under the single scope of trying to make ""intelligent"" machines. ML, DL (which i think is really a subset of ML like ML is a subset of AI), expert systems, even game AI can fall into the term of AI.

so it's not really useful in an academic sense; Just like labeling any branch of mathematics ""math"" isn't very useful. Even then, it's a good term for describing all those things together.",way understand it ai extrem broad umbrella term use group entir task singl scope tri make intelligent machines ml dl which think realli subset ml like ml subset ai expert systems even game ai fall term ai it realli use academ sense like label ani branch mathemat math veri useful even then it good term describ thing together
69,https://www.reddit.com/r/artificial/comments/pkdsqr/the_term_artificial_intelligence_is_not_useful/,"You are correct 100%. AI is a marketing term that better suits clickbait articles rather than science.

I have been applying ML in projects where scientists from other fields are involved. Mainly astrophysicists, fluid mechanics and communication engineers. We use the term AI when discussing but always with a slight grim as acknowledging the clickbait term. Though we always change it to ""data-driven"" or ""learning-based"" in manuscripts or more formal talks with external partners.

In fact almost no article in the field of ML/DL uses the term AI anywhere. (Unless they draw connections to biological intelligence, that some authors like Schmidhueber sometimes do.) Heck, even college courses are named ML or pattern recognition. Usually if a course is named AI, it concerns more traditional approaches like pathfinding or minimax trees.",correct ai market term better suit clickbait articl rather science appli ml project scientist field involved mainli astrophysicists fluid mechan commun engineers use term ai discuss alway slight grim acknowledg clickbait term though alway chang data driven learning based manuscript formal talk extern partners fact almost articl field ml dl us term ai anywhere unless draw connect biolog intelligence author like schmidhueb sometim do heck even colleg cours name ml pattern recognition usual cours name ai concern tradit approach like pathfind minimax trees
70,https://www.reddit.com/r/artificial/comments/pkdsqr/the_term_artificial_intelligence_is_not_useful/,"""Don't call it AI because it's not *true* intelligence!"" 

""Is it really intelligence or does it just *seem* like intelligence?""

OK, then you tell me to use the term ""ML"" instead.

But don't you just move the problem to another term? One can then ask: is it *really* learning?

 ""Is it *really* learning or does it only *seem* like it is learning?""

This is why I think the term AI is fine. 

Take, for example, one of DeepMind's deep reinforcement learning agents... it exists in a virtual maze and finds ways to solve the maze, like learns how to put a box over a box and climb over the boxes, etc. Why is this not intelligence? 

""It's just trial and error"" or ""it's just statistics""

OK, if I put you in an alien maze with strange geometry and physics, what will you do, if not ""trial and error"" and ""statistics""?

I think this whole ""it's not AI!"" really just stems from human narcissism. We want to believe our brains are working on magical pixie dust and it's special and these simple statistics of a GPT-3 can't be called that.

Well... of course, human intelligence is currently way ahead of any current AI *in certain areas* (not all areas ofc: in many areas, AI is already better), but are you sure it's so fundamentally different or is it just that certain properties emerge with huge models? We already saw emergent properties that come from the sheer size of the model. 

Can you tell us what is AI then? What would deserve to be called that?",don t call ai becaus it true intelligence i realli intellig doe seem like intelligence ok tell use term ml instead move problem anoth term one ask really learning i really learn doe onli seem like learning thi whi think term ai fine take example one deepmind deep reinforc learn agents exist virtual maze find way solv maze like learn put box box climb boxes etc whi thi intelligence it trial error it statistics ok put alien maze strang geometri physics do trial error statistics think thi whole it ai realli stem human narcissism want believ brain work magic pixi dust it special simpl statist gpt can t call that well course human intellig current way ahead ani current ai in certain areas not area ofc mani areas ai alreadi better sure it fundament differ certain properti emerg huge models alreadi saw emerg properti come sheer size model tell u ai then would deserv call that
71,https://www.reddit.com/r/artificial/comments/pkdsqr/the_term_artificial_intelligence_is_not_useful/,"&gt;DL and ML are better terms to use.

A lot of things make up AI. DL and ML are just two of them. If a program uses only DL or ML, I suppose those labels would suffice. For everyone else who uses a broader scope of elements, AI is absolutely appropriate.",gt dl ml better term use lot thing make ai dl ml two them program us onli dl ml suppos label would suffice everyon els us broader scope elements ai absolut appropriate
72,https://www.reddit.com/r/artificial/comments/pkdsqr/the_term_artificial_intelligence_is_not_useful/,"The higher instance for defining the vocabulary and possible synonyms is the Gutenberg galaxy which is available in books and academic papers. Not a single author is using the term AI but all of them. The only way to establish a different word is to write thousands of papers about it, but this will take a lot of man years.",higher instanc defin vocabulari possibl synonym gutenberg galaxi avail book academ papers singl author use term ai them onli way establish differ word write thousand paper it thi take lot man years
73,https://www.reddit.com/r/artificial/comments/pkdsqr/the_term_artificial_intelligence_is_not_useful/,"People will say they use AI when they just have a few if-else statements, if that is going to improve their chances of getting funded. Buzzwords are always a big thing in science - creating the right one, can get you a few thousand extra citations. So... get used to it, it is not the last buzzword you will hate, that's for sure :).",peopl say use ai if els statements go improv chanc get funded buzzword alway big thing scienc creat right one get thousand extra citations so get use it last buzzword hate that sure
74,https://www.reddit.com/r/artificial/comments/pkdsqr/the_term_artificial_intelligence_is_not_useful/,"(1) the problem is not with ""AI"" but with the fact that we don't have any clean, meaningful definition of intelligence. That said, the concept most people have in mind is: something man-made that can do everything (ex physical things) that a human can do.  Obviously that's not easily testable (e.g., note the much-discussed limitations of the Turing Test);  and this definition doesn't even begin to get at the possibility of ""intelligence"" that operates completely differently from human intelligence. Still, if someone can come up with an ""artificial"" system that can do general-purpose reasoning and mental-model-building (with and without training), and manage attention to respond reasonably to incoming sensor info, I think I, at least, would be happy to call it intelligent.  Nobody has this now, and apparently no one is really close. So it's quite fair to say, as I did very recently when asked the difference between ML and AI, ""ML is real; AI isn't."" 

(2) certainly ML is not AI.  I think of it as ""statistics on steroids."" I used to be quite certain that ML could never ""evolve"" into AI (i.e., human-like intelligence) through incremental improvement. I'm a little less sure now, but still think it's likely that AI will require a completely  different architecture.  For now, AI is just ""marketecture.""",problem ai fact ani clean meaning definit intelligence said concept peopl mind is someth man mad everyth ex physic things human do obvious that easili testabl e g note much discuss limit ture test thi definit even begin get possibl intelligence oper complet differ human intelligence still someon come artificial system general purpos reason mental model build with without training manag attent respond reason incom sensor info think i least would happi call intelligent nobodi ha thi now appar one realli close it quit fair say veri recent ask differ ml ai ml real ai isn t certainli ml ai think statist steroids use quit certain ml could never evolve ai i e human lik intelligence increment improvement littl less sure now still think it like ai requir complet differ architecture now ai marketecture
75,https://www.reddit.com/r/artificial/comments/pkdsqr/the_term_artificial_intelligence_is_not_useful/,"AI is not ML or vice versa. 

AI is the continuation of algorithms and probability.

ML is the continuation of statistics, it's like advanced stats.

With AI, it is defined as ""An Agent operating within some environment"" which you can add on ""to accomplish some goal"", but that part is optional. The first sentence is the minimum. If you do not have an agent operating within a defined environment, you don't have AI. 

ML just spits out probability models that a given agent can use. 

A*, mini-max, Q learning, etc. all algorithms that fall under AI because they allow the agent to explore its environment, and in some cases learn. 

If anyone claims Naive Bayes, or regressions, or clustering operations are AI, they are wrong. That's statistics for mathematical ""learning"" and has nothing to do with agents or environments.",ai ml vice versa ai continu algorithm probability ml continu statistics it like advanc stats ai defin an agent oper within environment add to accomplish goal part optional first sentenc minimum agent oper within defin environment ai ml spit probabl model given agent use a mini max q learning etc algorithm fall ai becaus allow agent explor environment case learn anyon claim naiv bayes regressions cluster oper ai wrong that statist mathemat learning ha noth agent environments
76,https://www.reddit.com/r/artificial/comments/pkdsqr/the_term_artificial_intelligence_is_not_useful/,damn ths sub SUCKS,damn th sub suck
77,https://www.reddit.com/r/artificial/comments/pkdsqr/the_term_artificial_intelligence_is_not_useful/,https://www.reddit.com/r/agi/comments/p7hj2s/revisiting_wikipedias_article_on_artificial/,https www reddit com r agi comments p hj s revisiting_wikipedias_article_on_artificial
78,https://www.reddit.com/r/artificial/comments/pkdsqr/the_term_artificial_intelligence_is_not_useful/,It’s AI until it’s GAI. Then it can call itself whatever it desires.,it ai it gai call whatev desires
79,https://www.reddit.com/r/artificial/comments/pkdsqr/the_term_artificial_intelligence_is_not_useful/,"cough stupendous marble ask sand edge station seemly gullible wide

 *This post was mass deleted and anonymized with [Redact](https://redact.dev)*",cough stupend marbl ask sand edg station seemli gullibl wide thi post wa mass delet anonym redact https redact dev
80,https://www.reddit.com/r/artificial/comments/pkdsqr/the_term_artificial_intelligence_is_not_useful/,"I feel like AI is more of a hope... But once they get to that point were probably all gonna be really scared of it for sure. Its more like ""I enjoy that I don't have to programme every step for this machine"" rather than ""I enjoy that this machine has its own mind"". No one wants a machine to actually have intelligence. Just ease and smooth production for human utility.",feel like ai hope onc get point probabl gonna realli scare sure like i enjoy programm everi step thi machine rather i enjoy thi machin ha mind one want machin actual intelligence eas smooth product human utility
81,https://www.reddit.com/r/artificial/comments/pkdsqr/the_term_artificial_intelligence_is_not_useful/,"The line gets blurred to the point of meaninglessness.

I would go with drawing the line at nonlinear statistical processing. If a computing process isn't doing that, it's not AI...it's the nonlinear component that allows learning and intelligence to emerge.",line get blur point meaninglessness would go draw line nonlinear statist processing comput process that it ai it nonlinear compon allow learn intellig emerge
82,https://www.reddit.com/r/artificial/comments/pkdsqr/the_term_artificial_intelligence_is_not_useful/,Any python introduction course is named introduction to AI.,ani python introduct cours name introduct ai
83,https://www.reddit.com/r/artificial/comments/pkdsqr/the_term_artificial_intelligence_is_not_useful/,I just want to know what I can be teaching my children right now that will help them with ML DL AI. I want them to understand how to gather the data how to do everything there 7 9 and 11. We want artificial intelligence with agriculture making Gardens.,want know teach child right help ml dl ai want understand gather data everyth want artifici intellig agricultur make gardens
84,https://www.reddit.com/r/artificial/comments/pkdsqr/the_term_artificial_intelligence_is_not_useful/,We also want remote control with small gardening.,also want remot control small gardening
85,https://www.reddit.com/r/artificial/comments/pkdsqr/the_term_artificial_intelligence_is_not_useful/,"You’re probably correct, but it’s too late, it won’t go away.

AI has become a word that represents all that.",you r probabl correct it late won t go away ai ha becom word repres that
86,https://www.reddit.com/r/artificial/comments/pkdsqr/the_term_artificial_intelligence_is_not_useful/,"When a firm says they use AI, I assume they mean a calculator and Excel.",firm say use ai assum mean calcul excel
87,https://www.reddit.com/r/artificial/comments/pkdsqr/the_term_artificial_intelligence_is_not_useful/,"If it's Python it's machine learning.

If it's PowerPoint it's AI.",it python it machin learning it powerpoint it ai
88,https://www.reddit.com/r/artificial/comments/pkdsqr/the_term_artificial_intelligence_is_not_useful/,"Artificial Intelligence is toxic. I have Natural Intelligence which is pure, just as Mother Nature intended.",artifici intellig toxic natur intellig pure mother natur intended
89,https://www.reddit.com/r/artificial/comments/pkdsqr/the_term_artificial_intelligence_is_not_useful/,"I prefer the term _intelligent systems_ as a blanket when referring to applications of machine learning, deep learning, and reinforcement learning instead of AI.",prefer term _intellig systems_ blanket refer applic machin learning deep learning reinforc learn instead ai
90,https://www.reddit.com/r/artificial/comments/pkdsqr/the_term_artificial_intelligence_is_not_useful/,"In any new field, there will be a tendency for the 'buzzword' that everybody uses to slowly be superseded by a more precise practitioner term, but at that stage, it's hard to get everybody else to change to use a different word.",ani new field tendenc buzzword everybodi us slowli supersed precis practition term stage it hard get everybodi els chang use differ word
91,https://www.reddit.com/r/artificial/comments/pkdsqr/the_term_artificial_intelligence_is_not_useful/,https://www.reddit.com/r/agi/comments/p7hj2s/revisiting_wikipedias_article_on_artificial/?utm_medium=android_app&amp;utm_source=share,https www reddit com r agi comments p hj s revisiting_wikipedias_article_on_artificial utm_medium android_app amp utm_source shar
92,https://www.reddit.com/r/ArtificialInteligence/comments/1h088lt/what_jobs_can_you_get_with_an_artificial/,"## Welcome to the r/ArtificialIntelligence gateway
### Question Discussion Guidelines

---

Please use the following guidelines in current and future posts:

* Post must be greater than 100 characters - the more detail, the better.
* Your question might already have been answered. Use the search feature if no one is engaging in your post.
    * AI is going to take our jobs - its been asked a lot!
* Discussion regarding positives and negatives about AI are allowed and encouraged. Just be respectful.
* Please provide links to back up your arguments.
* No stupid questions, unless its about AI being the beast who brings the end-times. It's not.

###### Thanks - please let mods know if you have any questions / comments / etc

*I am a bot, and this action was performed automatically. Please [contact the moderators of this subreddit](/message/compose/?to=/r/ArtificialInteligence) if you have any questions or concerns.*",welcom r artificialintellig gateway question discuss guidelin pleas use follow guidelin current futur posts post must greater charact detail better question might alreadi answered use search featur one engag post ai go take job ask lot discuss regard posit neg ai allow encouraged respectful pleas provid link back arguments stupid questions unless ai beast bring end times it not thank pleas let mod know ani question comment etc i bot thi action wa perform automatically pleas contact moder thi subreddit message compose to r artificialinteligence ani question concerns
93,https://www.reddit.com/r/ArtificialInteligence/comments/1h088lt/what_jobs_can_you_get_with_an_artificial/,"By the speed of things, it would seem the time it would take to obtain a degree in artificial intelligence, the entire field would be obsoleted by artificial super intelligence.",speed things would seem time would take obtain degre artifici intelligence entir field would obsolet artifici super intelligence
94,https://www.reddit.com/r/ArtificialInteligence/comments/1h088lt/what_jobs_can_you_get_with_an_artificial/,"I am actually in the Masters of Science in Artificial Intelligence program at the University of Texas. One of the key things is that when you get past the hype around AI, looking at you ChatGPT, you realize that there is so much more to AI that really can add value.

In addition to being a grad student, I am head of technology for a healthcare company. One of the things I am personally doing at work is building a model that tracks social media posts, engagements, and impressions in conjunction with news posts and impressions. This is used to understand part of the market for healthcare companies, pharmaceutical, etc. I am using both a Vecter Autoregression (VAR) and Long Short-Term Memory (LSTM) model to predict what the next three months will look like.

What you learn in a degree is what model(s) to use, how to implement it, and fine-tune them. AI is far more complex than simply using ChatGPT.",actual master scienc artifici intellig program univers texas one key thing get past hype around ai look chatgpt realiz much ai realli add value addit grad student head technolog healthcar company one thing person work build model track social medium posts engagements impress conjunct news post impressions thi use understand part market healthcar companies pharmaceutical etc use vecter autoregress var long short term memori lstm model predict next three month look like learn degre model s use implement it fine tun them ai far complex simpli use chatgpt
95,https://www.reddit.com/r/ArtificialInteligence/comments/1h088lt/what_jobs_can_you_get_with_an_artificial/,"No one here can give you an educated answer because AI is accelerating and the future is all going to be automated. Every 6 months is another major advancement. 
Frankly your better bet is to ask this question to one of the LLM tools like chat gpt.",one give educ answer becaus ai acceler futur go automated everi month anoth major advancement frankli better bet ask thi question one llm tool like chat gpt
96,https://www.reddit.com/r/ArtificialInteligence/comments/1h088lt/what_jobs_can_you_get_with_an_artificial/,"I know quite a few people who did ML degrees and the likes who are now populating excel tables with shoe sales data or optimizing shipping container and warehouse logistics in corporate America, so tech isn’t the only exit opportunity.

There are millions or FP&amp;A departments looking for tech savvy workers able to use and implement AI. It doesn’t matter how good AI gets, it won’t magically get distributed throughout the F500, and most non-tech people are useless and still think they’re just fun Chatbots.

I mean, if you’re concern about having a job, it will provide work for a decade or two, and it’s an avenue people forget about. Can be kind of boring though.",know quit peopl ml degre like popul excel tabl shoe sale data optim ship contain warehous logist corpor america tech isn t onli exit opportunity million fp amp a depart look tech savvi worker abl use implement ai doesn t matter good ai gets won t magic get distribut throughout f non tech peopl useless still think they r fun chatbots mean you r concern job provid work decad two it avenu peopl forget about kind bore though
97,https://www.reddit.com/r/ArtificialInteligence/comments/1h088lt/what_jobs_can_you_get_with_an_artificial/,"Link the degree.  Using chatgpt isnt something that really requires a postgraduate level degree.  Do you mean it is some sort of software engineering or data analysis with an emphais on AI ?  I ft eh later, then you get work as a software engineer or data analyst at a company that wants to leverege ai.  or just a random software/data job.",link degree use chatgpt isnt someth realli requir postgradu level degree mean sort softwar engin data analysi emphai ai ft eh later get work softwar engin data analyst compani want levereg ai random software data job
98,https://www.reddit.com/r/ArtificialInteligence/comments/1h088lt/what_jobs_can_you_get_with_an_artificial/,"What exactly is an AI degree?  Perhaps I’m misunderstanding how you’re wording this but my assumption is you’re referring to obtaining a Software engineering degree with a strong emphasis or background in AI (which is a pretty broad umbrella despite being relatively young field).  

I think the better question is what do you actually want to do with said degree?  I have quite a few friends and close colleagues with a strong technical background- some enjoy just focusing on constructing code for the service or product their company makes, some love the project management side of working between teams at a company to ensures product dev matches company vision and does what executives say it’s supposed to, others love testing new code to push the envelope.  

AI no doubt has spun off new paths and concepts but at the end of the day, your job opportunities still revolve around core focus areas of the company and how you benefit the organization.  The more soft skills you can develop and combine technical aptitude with the ability to collaborate well with others will certainly set you up well.  The days of being able to just code and finding a great job are dwindling- however, there are a staggering amount of companies still struggling to move their product or service into the digital age and there will be no shortage of opportunities to be had to help them in this journey if you’re good at what you do and properly use AI to amplify your results",exactli ai degree perhap i m misunderstand you r word thi assumpt you r refer obtain softwar engin degre strong emphasi background ai which pretti broad umbrella despit rel young field think better question actual want said degree quit friend close colleagu strong technic background enjoy focus construct code servic product compani makes love project manag side work team compani ensur product dev match compani vision doe execut say it suppos to love test new code push envelope ai doubt ha spun new path concept end day job opportun still revolv around core focu area compani benefit organization soft skill develop combin technic aptitud abil collabor well certainli set well day abl code find great job dwindling however stagger amount compani still struggl move product servic digit age shortag opportun help thi journey you r good properli use ai amplifi result
99,https://www.reddit.com/r/ArtificialInteligence/comments/1h088lt/what_jobs_can_you_get_with_an_artificial/,There is not a single course selection I've seen pinging me on IG that can outpace reading newsletters and YouTube.   It's all moving too fast for academics to ever catch up.,singl cours select i v seen ping ig outpac read newslett youtube it move fast academ ever catch up
100,https://www.reddit.com/r/ArtificialInteligence/comments/1h088lt/what_jobs_can_you_get_with_an_artificial/,I’m a freshman in Mechanical engineering and I will be transferring to university of Memphis where they offer this. I’m thinking of switching because of the versatility I’ll have and even the higher pay. I know 100% I want to be an engineer. Or should I just do the combined Bs/MS as a mechanical. Which one is worth more? The dual major computer part l’ll also have software experience and electrical l’ll have the hands on for other hands on jobs. Mainly with mechanical im just looking for robotics or aerospace jobs. Which one is worth it more?,i m freshman mechan engin transfer univers memphi offer this i m think switch becaus versatil i ll even higher pay know want engineer combin bs m mechanical one worth more dual major comput part l ll also softwar experi electr l ll hand hand jobs mainli mechan im look robot aerospac jobs one worth more
101,https://www.reddit.com/r/ArtificialInteligence/comments/1h088lt/what_jobs_can_you_get_with_an_artificial/,"Should we be concerned that A.I will replace jobs?   
Apparently something similar happened during the industrial revolution?

[https://www.youtube.com/watch?v=1xiiX7yKa94](https://www.youtube.com/watch?v=1xiiX7yKa94)",concern a i replac jobs appar someth similar happen dure industri revolution https www youtube com watch v xiix yka https www youtube com watch v xiix yka
102,https://www.reddit.com/r/artificial/comments/xey6ah/what_is_the_difference_between_an_algorithm_and/,"The reason this is tricky is the same reason defining intelligence itself is tricky. It's difficult to come up with a solid definition that makes all of the right distinctions (and none of the wrong ones). I'm fairly certain ""machine learning"" caught on as a phrase because of this issue and of course it allows you to talk about things like backprop on convolutions without claiming intelligence.

Your definition can work if the state you are talking about includes semantic information; decisions based on meaning. I don't claim that's a full definition of intelligence, artificial or otherwise, but I think it points to what you're feeling.",reason thi tricki reason defin intellig tricky it difficult come solid definit make right distinct and none wrong ones fairli certain machin learning caught phrase becaus thi issu cours allow talk thing like backprop convolut without claim intelligence definit work state talk includ semant information decis base meaning claim that full definit intelligence artifici otherwise think point you r feeling
103,https://www.reddit.com/r/artificial/comments/xey6ah/what_is_the_difference_between_an_algorithm_and/,"This is a practice guide. There might be qualities of intelegence that are not reproducable artificially. It is a philosphically open question. A basic definition for an algorithm is a set of instructions. Though strictly speaking it might not take that form, it has that structure. An intellegent algorithm uses rules to non-arbitrarily vary the set of instructions. Artifical intelegence is cable of generating sets of rules. Similarly an artificial intelegence might not generate explicit rule per say but somethint analogous. Machine learning is a stratergy for Artificial intelegence which uses data to generate set of rules. Symbolic artificial intelegence was historically basee higher-order logic which abstract rules for generating rules. All artificial intelegences are algorithms so the distinction not always clear.",thi practic guide might qualiti inteleg reproduc artificially philosph open question basic definit algorithm set instructions though strictli speak might take form ha structure intelleg algorithm us rule non arbitrarili vari set instructions artif inteleg cabl gener set rules similarli artifici inteleg might gener explicit rule per say somethint analogous machin learn stratergi artifici inteleg us data gener set rules symbol artifici inteleg wa histor base higher ord logic abstract rule gener rules artifici inteleg algorithm distinct alway clear
104,https://www.reddit.com/r/artificial/comments/xey6ah/what_is_the_difference_between_an_algorithm_and/,"To say artificial intelligence is an algorithm is a bit of a category error. Arguably, anything one programs a computer to do can be called an algorithm. Artificial intelligence, on the other hand, is a scientific and engineering area of knowledge and study. One can call a specific algorithm used in the AI field an ""AI algorithm"" though, in my experience, no one says that. There are many, many algorithms that have been given specific names (eg, bubble sort) but only a small number of them are specific to the AI field. 

Sometimes people refer to a specific AI program running on a computer as an ""AI"" but that's probably something that occurs much more in science fiction. Such an AI would undoubtedly incorporate many algorithms.",say artifici intellig algorithm bit categori error arguably anyth one program comput call algorithm artifici intelligence hand scientif engin area knowledg study one call specif algorithm use ai field ai algorithm though experience one say that many mani algorithm given specif name eg bubbl sort onli small number specif ai field sometim peopl refer specif ai program run comput ai that probabl someth occur much scienc fiction ai would undoubtedli incorpor mani algorithms
105,https://www.reddit.com/r/artificial/comments/xey6ah/what_is_the_difference_between_an_algorithm_and/,[deleted],deleted
106,https://www.reddit.com/r/artificial/comments/xey6ah/what_is_the_difference_between_an_algorithm_and/,"""Artificial intelligence"" is a general concept, similar to how we would refer to human intelligence. It's pretty broadly defined, and while there are some benchmarks we can consider for whether a machine is intelligent (see: turing test), there is no universally agreed upon definition.

Most of the time, when we talk about artificial intelligence right now, we're talking about machine learning. Machine learning algorithms are a subset of all algorithms, like how squares are a subset of all rectangles. Machine learning has a more technical definition which involves the use of a ""training algorithm"" and ""training data"" to programmatically generate a final algorithm used to approximate a specific function.

A specific example:

Problem: I need a program that tells me if a photo has a dog.

Input: photo

Output: yes/no

Training algorithm: [ResNet](https://www.geeksforgeeks.org/residual-networks-resnet-deep-learning/) (I chose this arbitrarily)

Training data: A million images labeled by humans as yes or no.

So that's all you need for a machine learning algorithm. Note that in this case, I chose a ""neural network"" as the machine learning algorithm. Neural networks are a type of machine learning algorithm that use a mechanism for learning that mimics the human brain, however, not all machine learning algorithms are neural networks.",artifici intelligence gener concept similar would refer human intelligence it pretti broadli defined benchmark consid whether machin intellig see ture test univers agre upon definition time talk artifici intellig right now we r talk machin learning machin learn algorithm subset algorithms like squar subset rectangles machin learn ha technic definit involv use train algorithm train data programmat gener final algorithm use approxim specif function specif example problem need program tell photo ha dog input photo output yes no train algorithm resnet https www geeksforgeeks org residual networks resnet deep learning i chose thi arbitrarily train data million imag label human ye no that need machin learn algorithm note thi case chose neural network machin learn algorithm neural network type machin learn algorithm use mechan learn mimic human brain however machin learn algorithm neural networks
107,https://www.reddit.com/r/EDM/comments/1637j5v/songs_that_are_about_artificial_intelligence_new/,"The Veldt - Deadmau5

Edit: Sad Machine - Porter Robinson",veldt deadmau edit sad machin porter robinson
108,https://www.reddit.com/r/EDM/comments/1637j5v/songs_that_are_about_artificial_intelligence_new/,"I got a really neat one called A.i. by Hoodoo Dubz
Only know for sure it's on SoundCloud but it's one of my favorites.
It samples a documentary about 
Alpha Zero, a computer program that played the game GO, and it , it's just flicking banging honestly. Preferably play it somewhere with a subwoofer
""In the span of 6-9 months, it went from being able to best a reasonably good Go player, to then beating the European world champion who was rank 600,

Then beating the current world champion, 
Then beating... everyone

And then... uh. .. then ...there was alpha zero""",got realli neat one call a i hoodoo dubz onli know sure it soundcloud it one favorites sampl documentari alpha zero comput program play game go it flick bang honestly prefer play somewher subwoof in span months went abl best reason good go player beat european world champion wa rank beat current world champion beating everyon then uh there wa alpha zero
109,https://www.reddit.com/r/EDM/comments/1637j5v/songs_that_are_about_artificial_intelligence_new/,Excision - Decimate,excis decim
110,https://www.reddit.com/r/EDM/comments/1637j5v/songs_that_are_about_artificial_intelligence_new/,We Appreciate Power by Poppy and Grimes. Not really edm but it’s pretty noisy and electronic,appreci power poppi grimes realli edm it pretti noisi electron
111,https://www.reddit.com/r/EDM/comments/1637j5v/songs_that_are_about_artificial_intelligence_new/,"UMEK - Exodus

MR.BLACK - The Machines",umek exodu mr black machin
112,https://www.reddit.com/r/EDM/comments/1637j5v/songs_that_are_about_artificial_intelligence_new/,"Poppy, Diplo - Time Is Up",poppy diplo time
113,https://www.reddit.com/r/EDM/comments/1637j5v/songs_that_are_about_artificial_intelligence_new/,KLOUD - Humans (F.O.O.L Remix) will probably hit,kloud human f o o l remix probabl hit
114,https://www.reddit.com/r/EDM/comments/1637j5v/songs_that_are_about_artificial_intelligence_new/,A.I. - K?D,a i k d
115,https://www.reddit.com/r/EDM/comments/1637j5v/songs_that_are_about_artificial_intelligence_new/,EDM Death Machine - Knife Party,edm death machin knife parti
116,https://www.reddit.com/r/EDM/comments/1637j5v/songs_that_are_about_artificial_intelligence_new/,[Heart of Android](https://www.youtube.com/watch?v=ZjlwG7UmTqQ&amp;list=PLDULvkPH__glwQ5VxOL-ncmOKuCh0wyWG) by Camellia is about that kind of stuff.,heart android https www youtube com watch v zjlwg umtqq amp list pldulvkph__glwq vxol ncmokuch wywg camellia kind stuff
117,https://www.reddit.com/r/EDM/comments/1637j5v/songs_that_are_about_artificial_intelligence_new/,"*Delirium by MILLA LOU/NoNameLeft

*Lonely Traveller by Klanglos

*Elessar by Moonwalk


*Men On Mars by HI-LO",delirium milla lou nonameleft lone travel klanglo elessar moonwalk men mar hi lo
118,https://www.reddit.com/r/EDM/comments/1637j5v/songs_that_are_about_artificial_intelligence_new/,Maddix - Activating,maddix activ
119,https://www.reddit.com/r/EDM/comments/1637j5v/songs_that_are_about_artificial_intelligence_new/,Pou-ta - Humansongs,pou ta humansong
120,https://www.reddit.com/r/EDM/comments/1637j5v/songs_that_are_about_artificial_intelligence_new/,"Elia D - AI Revolution: https://youtu.be/gnDXxCfhx5c?feature=shared

Retrovoco: 
https://youtu.be/xpuwfK9BF84?feature=shared",elia ai revolution https youtu be gndxxcfhx c feature shar retrovoco https youtu be xpuwfk bf feature shar
121,https://www.reddit.com/r/EDM/comments/1637j5v/songs_that_are_about_artificial_intelligence_new/, Giuseppe Ottaviani - Digital Symphony,giusepp ottaviani digit symphoni
122,https://www.reddit.com/r/EDM/comments/1637j5v/songs_that_are_about_artificial_intelligence_new/,[https://on.soundcloud.com/fb8LUGHGhbPHuUZy9](https://on.soundcloud.com/fb8LUGHGhbPHuUZy9) This one kinda,https on soundcloud com fb lughghbphuuzy https on soundcloud com fb lughghbphuuzy thi one kinda
123,https://www.reddit.com/r/EDM/comments/1637j5v/songs_that_are_about_artificial_intelligence_new/,[Faraday Eyes](https://youtu.be/qS232wsxI_M?si=lRuQWBKNDa6SunNT),faraday eyes https youtu be qs wsxi_m si lruqwbknda sunnt
124,https://www.reddit.com/r/EDM/comments/1637j5v/songs_that_are_about_artificial_intelligence_new/,Just released https://youtu.be/b49YpuPZfYk?si=m85jyYTyDcHXOCLa,releas https youtu be b ypupzfyk si m jyytydchxocla
125,https://www.reddit.com/r/EDM/comments/1637j5v/songs_that_are_about_artificial_intelligence_new/,"I don't know if this is relevant - a new song on Spotify ""I love my A.I."" by Meony. I've got the stems and will do an EDM remix if anyone's interested.",know thi relev new song spotifi i love a i meony i v got stem edm remix anyone interested
126,https://www.reddit.com/r/EDM/comments/1637j5v/songs_that_are_about_artificial_intelligence_new/,"Lithium Flower - Ghost in the Shell OST  
Basically every single song by The Protomen, but I really enjoy 'The Good Doctor' and 'Father of Death'",lithium flower ghost shell ost basic everi singl song protomen realli enjoy the good doctor father death
127,https://www.reddit.com/r/EDM/comments/1637j5v/songs_that_are_about_artificial_intelligence_new/,[https://www.youtube.com/watch?v=6ZtlN75lMog](https://www.youtube.com/watch?v=6ZtlN75lMog),https www youtube com watch v ztln lmog https www youtube com watch v ztln lmog
128,https://www.reddit.com/r/EDM/comments/1637j5v/songs_that_are_about_artificial_intelligence_new/,https://open.spotify.com/track/51QwK8I6G6psho35gCyH39?si=N_9uEUjxT4WIYwS3cVAWOw&amp;context=spotify%3Aalbum%3A69ur6nprcAs5SQmBFGl8Y2,https open spotify com track qwk i g psho gcyh si n_ ueujxt wiyws cvawow amp context spotify aalbum a ur nprcas sqmbfgl y
129,https://www.reddit.com/r/EDM/comments/1637j5v/songs_that_are_about_artificial_intelligence_new/,"Theres this new song i found randomly - “Meet your new masters” by Dancing Brain Ants. Its pretty cool, maybe youll like it",thi new song found randomli meet new masters danc brain ants pretti cool mayb youll like
130,https://www.reddit.com/r/EDM/comments/1637j5v/songs_that_are_about_artificial_intelligence_new/,"Robot by Vernwood is about AI

[https://open.spotify.com/track/0y2oGfRR2w76lpQuL28N68?si=PBV2AbvwTnOq9wlE_cRbRQ](https://open.spotify.com/track/0y2oGfRR2w76lpQuL28N68?si=PBV2AbvwTnOq9wlE_cRbRQ)",robot vernwood ai https open spotify com track y ogfrr w lpqul n si pbv abvwtnoq wle_crbrq https open spotify com track y ogfrr w lpqul n si pbv abvwtnoq wle_crbrq
131,https://www.reddit.com/r/EDM/comments/1637j5v/songs_that_are_about_artificial_intelligence_new/,"DJ Madson - Is This The Real Thing?

would go nice in the slow down space phase of a set

old electronic -  tubeway army",dj madson thi real thing would go nice slow space phase set old electron tubeway armi
132,https://www.reddit.com/r/EDM/comments/1637j5v/songs_that_are_about_artificial_intelligence_new/,Artificial Intelligence by Song Lee is 🔥,artifici intellig song lee
133,https://www.reddit.com/r/compsci/comments/1dodn0o/artificial_intelligence_a_modern_approach_is_hard/,"AI is an incredibly broad term that means different things to different people. This book covers a huge amount of ground and I don't think it is at all uncommon to not understand all of it, especially if you're not doing it as part of a college course (really, this is probably several college courses packed into one book). I don't think many people have read the book straight through?

How critical the third section is kinda depends on what you want to do with AI. I think we spent the least time on it in the AI course I took at the graduate level, but it might be someone's entire career. I wouldn't get too bogged down on it, you can always come back later if you decide it is something you want to understand better.",ai incred broad term mean differ thing differ people thi book cover huge amount ground think uncommon understand it especi you r part colleg cours really thi probabl sever colleg cours pack one book think mani peopl read book straight through critic third section kinda depend want ai think spent least time ai cours took graduat level might someone entir career get bog it alway come back later decid someth want understand better
134,https://www.reddit.com/r/compsci/comments/1dodn0o/artificial_intelligence_a_modern_approach_is_hard/,"From the preface: 

&gt; The only prerequisite is familiarity with basic concepts of computer science (algorithms, data structures, complexity) at a sophomore level. Freshman calculus and linear algebra are useful for some of the topics.

How familiar are you with these?",preface gt onli prerequisit familiar basic concept comput scienc algorithms data structures complexity sophomor level freshman calculu linear algebra use topics familiar these
135,https://www.reddit.com/r/compsci/comments/1dodn0o/artificial_intelligence_a_modern_approach_is_hard/,"I found it quite a nice book to read, but of course technical content doesn't read like a novel, often you have to take many passes and stop to think.",found quit nice book read cours technic content read like novel often take mani pass stop think
136,https://www.reddit.com/r/compsci/comments/1dodn0o/artificial_intelligence_a_modern_approach_is_hard/,"It is well regarded, densely packed with information, and is not as easy to read as some others. I'd suggest a more accessible book.",well regarded dens pack information easi read others suggest access book
137,https://www.reddit.com/r/compsci/comments/1dodn0o/artificial_intelligence_a_modern_approach_is_hard/,"We used that book too. No, it shouldn't be that hard to understand. I think it's probably the easiest subject and book we've had so far. Try a little harder to understand while reading.",use book too no hard understand think it probabl easiest subject book we v far tri littl harder understand reading
138,https://www.reddit.com/r/compsci/comments/1dodn0o/artificial_intelligence_a_modern_approach_is_hard/,We got the ebook for my first year AI module at university and it was tough going.,got ebook first year ai modul univers wa tough going
139,https://www.reddit.com/r/compsci/comments/1dodn0o/artificial_intelligence_a_modern_approach_is_hard/,"The third part is mostly mathematical proofs, I recommend a course or textbook in introductory real analysis if you want to get a grip on it all.

MIT opencourseware has excellent material for getting you up to speed: https://ocw.mit.edu/courses/18-100c-real-analysis-fall-2012/",third part mostli mathemat proofs recommend cours textbook introductori real analysi want get grip all mit opencoursewar ha excel materi get speed https ocw mit edu courses c real analysis fall
140,https://www.reddit.com/r/compsci/comments/1dodn0o/artificial_intelligence_a_modern_approach_is_hard/,"I remember reading this in my early years in the uni!

It definitely is hard to read in the sense that you need to read and re-read a page multiple times. Progress will be slow but it's rewarding.

The trick to make it stick is to try out the psuedo codes in ""easy languages"" for you like Python or JavaScript. If you're feeling more adventurous, use static typed languages like Java or CSharp.

I mean, this is a book written by Peter Norvig who wrote [teach yourself programming in ten years](https://norvig.com/21-days.html).",rememb read thi earli year uni definit hard read sens need read re read page multipl times progress slow it rewarding trick make stick tri psuedo code easi languages like python javascript you r feel adventurous use static type languag like java csharp mean thi book written peter norvig wrote teach program ten years https norvig com days html
141,https://www.reddit.com/r/compsci/comments/1dodn0o/artificial_intelligence_a_modern_approach_is_hard/,"This course follows a similar approach, I think you might like it:  
[https://www.youtube.com/watch?v=gR8QvFmNuLE&amp;list=PLhQjrBD2T381PopUTYtMSstgk-hsTGkVm&amp;ab\_channel=CS50](https://www.youtube.com/watch?v=gR8QvFmNuLE&amp;list=PLhQjrBD2T381PopUTYtMSstgk-hsTGkVm&amp;ab_channel=CS50)

This is also another great course:  
[https://www.youtube.com/watch?v=TTo2kjrAuTo&amp;list=PL05umP7R6ij2YE8rRJSb-olDNbntAQ\_Bx&amp;ab\_channel=T%C3%BCbingenMachineLearning](https://www.youtube.com/watch?v=TTo2kjrAuTo&amp;list=PL05umP7R6ij2YE8rRJSb-olDNbntAQ_Bx&amp;ab_channel=T%C3%BCbingenMachineLearning)

I think all you really need to get started ML with a strong foundation is a good grasp of linear algebra (no need for analytics geometry) and probability theory",thi cours follow similar approach think might like it https www youtube com watch v gr qvfmnule amp list plhqjrbd t poputytmsstgk hstgkvm amp ab _channel cs https www youtube com watch v gr qvfmnule amp list plhqjrbd t poputytmsstgk hstgkvm amp ab_channel cs thi also anoth great course https www youtube com watch v tto kjrauto amp list pl ump r ij ye rrjsb oldnbntaq _bx amp ab _channel t c bcbingenmachinelearning https www youtube com watch v tto kjrauto amp list pl ump r ij ye rrjsb oldnbntaq_bx amp ab_channel t c bcbingenmachinelearning think realli need get start ml strong foundat good grasp linear algebra no need analyt geometry probabl theori
142,https://www.reddit.com/r/compsci/comments/1dodn0o/artificial_intelligence_a_modern_approach_is_hard/,In a traditional college setting you will have fun learning the book,tradit colleg set fun learn book
143,https://www.reddit.com/r/compsci/comments/1dodn0o/artificial_intelligence_a_modern_approach_is_hard/,"In my personal opinion, this book is not good for taking you from complete beginner to an AI expert. It's useful supplementary material if you're already familiar with the concepts (or learning them in parallel with a course). Think of it like a reference manual, rather than a guide. If there is something you don't understand, you can learn it from onlline lectures, youtube, blogs, or come back to it later. Reading one chapter is not going to magically make you understand that chapter, you still need to acquire expertice and experience through projects and exercises.",person opinion thi book good take complet beginn ai expert it use supplementari materi you r alreadi familiar concept or learn parallel course think like refer manual rather guide someth understand learn onllin lectures youtube blogs come back later read one chapter go magic make understand chapter still need acquir expertic experi project exercises
144,https://www.reddit.com/r/compsci/comments/1dodn0o/artificial_intelligence_a_modern_approach_is_hard/,I finished the ethics chapter &amp; working on the introduction. I learned quite a bit already by reading it. Excited to get the the technical topics &amp; trying to recreate some patterns in python,finish ethic chapter amp work introduction learn quit bit alreadi read it excit get technic topic amp tri recreat pattern python
145,https://www.reddit.com/r/compsci/comments/1dodn0o/artificial_intelligence_a_modern_approach_is_hard/,I don't think it was meant to be an easy read.,think wa meant easi read
146,https://www.reddit.com/r/compsci/comments/1dodn0o/artificial_intelligence_a_modern_approach_is_hard/,this same book was taught in my first year (2023),thi book wa taught first year
147,https://www.reddit.com/r/compsci/comments/1dodn0o/artificial_intelligence_a_modern_approach_is_hard/,translator comes。 二諦菲綬因窕了贞私,translat comes 二諦菲綬因窕了贞私
148,https://www.reddit.com/r/compsci/comments/1dodn0o/artificial_intelligence_a_modern_approach_is_hard/,"Artificial Intelligence: A Modern Approach can be challenging to read due to its depth and technical detail. It covers complex concepts and advanced topics, which may be overwhelming for beginners. However, with patience and dedication, it offers a comprehensive understanding of AI. Supplementing it with practical examples and online resources can make it easier to digest.",artifici intelligence modern approach challeng read due depth technic detail cover complex concept advanc topics may overwhelm beginners however patienc dedication offer comprehens understand ai supplement practic exampl onlin resourc make easier digest
149,https://www.reddit.com/r/compsci/comments/1dodn0o/artificial_intelligence_a_modern_approach_is_hard/,[deleted],deleted
150,https://www.reddit.com/r/compsci/comments/1dodn0o/artificial_intelligence_a_modern_approach_is_hard/,comment karma pls,comment karma pl
151,https://www.reddit.com/r/compsci/comments/1dodn0o/artificial_intelligence_a_modern_approach_is_hard/,Ask ChatGPT to explain it to you...,ask chatgpt explain you
152,https://www.reddit.com/r/WGU/comments/1fj97ss/master_in_artificial_intelligence_coming_out_soon/,"Average salary of AI Engineer: “$700,000”

WGU, please take my money!!!",averag salari ai engineer wgu pleas take money
153,https://www.reddit.com/r/WGU/comments/1fj97ss/master_in_artificial_intelligence_coming_out_soon/,"You’re better off getting the OMSCS big picture, taking the Machine Learning track with all AI electives. You won’t be able to finish as fast but that doesn’t mean you can’t apply for jobs once you’re half way through - plenty of students do it and are successful. Some are so successful they don’t even finish the MS lol. I would just be afraid to wait around on it to be honest.",you r better get omsc big picture take machin learn track ai electives won t abl finish fast doesn t mean can t appli job onc you r half way plenti student successful success don t even finish lol would afraid wait around honest
154,https://www.reddit.com/r/WGU/comments/1fj97ss/master_in_artificial_intelligence_coming_out_soon/,"Meanwhile every sign points to a bubble bursting, of course they want to ramp up for AI now. I am so glad I'm almost done.",meanwhil everi sign point bubbl bursting cours want ramp ai now glad almost done
155,https://www.reddit.com/r/WGU/comments/1fj97ss/master_in_artificial_intelligence_coming_out_soon/,"To play devils advocate in regards to those stating this makes WGU look bad . Aren’t most universities jumping on the AI bandwagon ? Purdue , University of Texas etc . 

Why is it bad when WGU does it ? I don’t have a dog in this fight just trying to wrap my head around why WGU in particular is bad for doing this .",play devil advoc regard state thi make wgu look bad aren t univers jump ai bandwagon purdu univers texa etc whi bad wgu doe don t dog thi fight tri wrap head around whi wgu particular bad thi
156,https://www.reddit.com/r/WGU/comments/1fj97ss/master_in_artificial_intelligence_coming_out_soon/,Waiting on the master’s in CS/SWE to drop.,wait master cs swe drop
157,https://www.reddit.com/r/WGU/comments/1fj97ss/master_in_artificial_intelligence_coming_out_soon/,"I'll try to withhold judgement but this does not sound great to me. AI bandwagon chasing sounds like an honest description. Couple things:

* Whether or not LLMs can *actually* replace so many workers is still an open question but assuming they do there are going to be orders of magnitude fewer jobs for these AI users than there were before. Seems like naked exploitation of economic anxiety.
* If you want to just *use* AI you don't need a masters degree to do it, what are you even studying for that long? Basic coding skills are plenty, chatgpt is available now, if you think it's going just get in there.
* If you want to understand how they *work* and have a hand in their development, that is certainly the domain of graduate-level math and computer science. In fact the exact background that could be developed during a masters of computer science basically anywhere. For example that *famously* well-regarded and unbelievably cheap georgia tech OMSCS has a bunch of relevant classes and has had an AI specialization for years now.

So idk, I don't think I respect the niche this is targeting.",tri withhold judgement thi doe sound great me ai bandwagon chase sound like honest description coupl things whether llm actually replac mani worker still open question assum go order magnitud fewer job ai user before seem like nake exploit econom anxiety want use ai need master degre it even studi long basic code skill plenty chatgpt avail now think it go get there want understand work hand development certainli domain graduate level math comput science fact exact background could develop dure master comput scienc basic anywhere exampl famously well regard unbeliev cheap georgia tech omsc ha bunch relev class ha ai special year now idk think respect nich thi targeting
158,https://www.reddit.com/r/WGU/comments/1fj97ss/master_in_artificial_intelligence_coming_out_soon/,Bro where's the master in software engineering?,bro where master softwar engineering
159,https://www.reddit.com/r/WGU/comments/1fj97ss/master_in_artificial_intelligence_coming_out_soon/,"Man coders becoming obsolete scares me as someone in BS software engineering BS, even tho I don’t want to be pigeonholed as just that, but a degree in AI has been my dream so that’s what made me choose BSE",man coder becom obsolet scare someon b softwar engin bs even tho don t want pigeonhol that degre ai ha dream that made choos bse
160,https://www.reddit.com/r/WGU/comments/1fj97ss/master_in_artificial_intelligence_coming_out_soon/,"If you don’t understand Calculus, linear algebra and other advanced math subjects, you won’t make it past an ML engineer interview. 

Seems interesting though!",don t understand calculus linear algebra advanc math subjects won t make past ml engin interview seem interest though
161,https://www.reddit.com/r/WGU/comments/1fj97ss/master_in_artificial_intelligence_coming_out_soon/,"Is this going to be a standalone program or a “track” in the MSCS when it’s finally released? I would hope it’s a track vs solo program, but sounds interesting either way.",thi go standalon program track msc it final released would hope it track v solo program sound interest either way
162,https://www.reddit.com/r/WGU/comments/1fj97ss/master_in_artificial_intelligence_coming_out_soon/,This is so cool! I’ll have to finally get my behind in gear to get my BSDA finished.,thi cool i ll final get behind gear get bsda finished
163,https://www.reddit.com/r/WGU/comments/1fj97ss/master_in_artificial_intelligence_coming_out_soon/,Suppose be live 2/1,suppos live
164,https://www.reddit.com/r/WGU/comments/1fj97ss/master_in_artificial_intelligence_coming_out_soon/,Great ! I'm debating between the master's in computer science or this one if they come out with the MS cs degree.,great debat master comput scienc thi one come c degree
165,https://www.reddit.com/r/WGU/comments/1fj97ss/master_in_artificial_intelligence_coming_out_soon/,Someone remind me when this finally comes out. Got extra GI bill laying around ready to uses,someon remind thi final come out got extra gi bill lay around readi us
166,https://www.reddit.com/r/WGU/comments/1fj97ss/master_in_artificial_intelligence_coming_out_soon/,Looks interesting,look interest
167,https://www.reddit.com/r/WGU/comments/1fj97ss/master_in_artificial_intelligence_coming_out_soon/,Yoooooo I'm in,yoooooo
168,https://www.reddit.com/r/WGU/comments/1fj97ss/master_in_artificial_intelligence_coming_out_soon/,That's awesome news. Maybe if we knew which class they would be taking credit for we could start knocking out some of those while we were waiting for the announcement.,that awesom news mayb knew class would take credit could start knock wait announcement
169,https://www.reddit.com/r/WGU/comments/1fj97ss/master_in_artificial_intelligence_coming_out_soon/,"i’m very intrigued , i’m currently enrolled in the accelerated IT bachelor’s and master and wondering if i should reach out to my mentor and request a program change ? what should i do ? 

is anyone else considering this program ? 👀",i m veri intrigu i m current enrol acceler bachelor master wonder reach mentor request program chang anyon els consid thi program
170,https://www.reddit.com/r/WGU/comments/1fj97ss/master_in_artificial_intelligence_coming_out_soon/,Suspected prereqs?,suspect prereqs
171,https://www.reddit.com/r/WGU/comments/1fj97ss/master_in_artificial_intelligence_coming_out_soon/,This sounds fantastic I'll have to come back for that MS.,thi sound fantast come back ms
172,https://www.reddit.com/r/WGU/comments/1fj97ss/master_in_artificial_intelligence_coming_out_soon/,Any word on this?,ani word this
173,https://www.reddit.com/r/WGU/comments/1fj97ss/master_in_artificial_intelligence_coming_out_soon/,"ah hell, there goes my reason for going to Georgia Tech, I'll wait now",ah hell go reason go georgia tech wait
174,https://www.reddit.com/r/WGU/comments/1fj97ss/master_in_artificial_intelligence_coming_out_soon/,"That's great! I'm working on my prerequisites and planning to do WGU in Jan/Feb once I finish them through Sophia and SDC, but I was planning on furthering my education by learning more about AI once I can afford it. If it's through WGU again, that means I'll be able to afford it. Yay!",that great work prerequisit plan wgu jan feb onc finish sophia sdc wa plan educ learn ai onc afford it it wgu again mean abl afford it yay
175,https://www.reddit.com/r/WGU/comments/1fj97ss/master_in_artificial_intelligence_coming_out_soon/,Not a CS?,cs
176,https://www.reddit.com/r/WGU/comments/1fj97ss/master_in_artificial_intelligence_coming_out_soon/,Are these the prerequisite courses for the Master's or likely to be the courses comprised of it?,prerequisit cours master like cours compris it
177,https://www.reddit.com/r/WGU/comments/1fj97ss/master_in_artificial_intelligence_coming_out_soon/,Finally here - [https://www.wgu.edu/online-it-degrees/computer-science-masters-program/artificial-intelligence-machine-learning.html](https://www.wgu.edu/online-it-degrees/computer-science-masters-program/artificial-intelligence-machine-learning.html),final https www wgu edu online it degrees computer science masters program artificial intelligence machine learning html https www wgu edu online it degrees computer science masters program artificial intelligence machine learning html
178,https://www.reddit.com/r/WGU/comments/1fj97ss/master_in_artificial_intelligence_coming_out_soon/,Do they have the requirement to get a bachelor degree of related program and taking [study.com](http://study.com) program transfer? Since I do not see any requirement on this info. thank you so much.,requir get bachelor degre relat program take study com http study com program transfer sinc see ani requir thi info thank much
179,https://www.reddit.com/r/WGU/comments/1fj97ss/master_in_artificial_intelligence_coming_out_soon/,Has anyone heard what the masters AI/ML capstone is like?,ha anyon heard master ai ml capston like
180,https://www.reddit.com/r/WGU/comments/1fj97ss/master_in_artificial_intelligence_coming_out_soon/,No wonder WGU is pushing Grammarly so hard recently. I knew there had to be a larger business initiative at play. People probably don't want to hear this but the school trying to get people to quit and pushing for more AI means the quality is about to take a nosedive. Let's just hope it doesn't ruin the reputation.,wonder wgu push grammarli hard recently knew larger busi initi play peopl probabl want hear thi school tri get peopl quit push ai mean qualiti take nosedive let hope ruin reputation
181,https://www.reddit.com/r/WGU/comments/1fj97ss/master_in_artificial_intelligence_coming_out_soon/,Great. Even more people who dont know shit who think they know a lot to waste our interview time. ,great even peopl dont know shit think know lot wast interview time
182,https://www.reddit.com/r/WGU/comments/1fj97ss/master_in_artificial_intelligence_coming_out_soon/,When you say febuary of next year do you mean Feb 2025?,say febuari next year mean feb
183,https://www.reddit.com/r/WGU/comments/1fj97ss/master_in_artificial_intelligence_coming_out_soon/,"Is…is this post written by AI?

Because it fucking sounds like it. It also sounds like a bad ad for both AI and WGU.",is i thi post written ai becaus fuck sound like it also sound like bad ad ai wgu
